1621688406039418612, 23, 35664, 0, 0, 1
1621688406052548176, 23, 35664, 0, 0, 1
1621688406063217218, 23, 37021, 0, 0, 1
1621688406075945879, 23, 37021, 0, 0, 1
1621688406086607006, 23, 37215, 0, 0, 1
1621688406099322773, 23, 37411, 0, 0, 1
1621688406112618088, 23, 37411, 40, 0, 1
1621688406123344227, 23, 37411, 40, 0, 1
1621688406135995092, 23, 37411, 40, 0, 1
1621688406146594583, 23, 37411, 40, 0, 1
1621688406159271898, 23, 37411, 40, 0, 1
1621688406172168795, 23, 37411, 40, 0, 1
1621688406182730455, 23, 37411, 40, 0, 1
1621688406195338920, 23, 37411, 40, 0, 1
1621688406205880712, 23, 37509, 40, 0, 1
1621688406218601318, 23, 37411, 40, 0, 1
1621688406232266478, 23, 37411, 40, 0, 1
1621688406242909491, 23, 37509, 40, 0, 1
1621688406255529278, 23, 37509, 40, 0, 1
1621688406266082312, 23, 37411, 40, 0, 1
1621688406278699834, 23, 38876, 100, 1, 1
1621688406292446597, 23, 38876, 100, 1, 1
1621688406303016844, 23, 41025, 100, 1, 1
1621688406315705149, 23, 41025, 100, 1, 1
1621688406327179133, 23, 41318, 100, 1, 1
1621688406339787969, 23, 41514, 100, 1, 1
1621688406352454593, 23, 41514, 100, 1, 1
1621688406363012005, 23, 41514, 100, 1, 1
1621688406375634737, 23, 41514, 100, 1, 1
1621688406386220492, 23, 41410, 100, 1, 1
1621688406398846490, 23, 41710, 100, 1, 1
1621688406412819368, 23, 41710, 100, 1, 1
1621688406423345642, 23, 41807, 100, 1, 1
1621688406435951713, 23, 41807, 100, 1, 1
1621688406446514775, 23, 44047, 100, 1, 1
1621688406459201337, 23, 46962, 100, 1, 1
1621688406472727847, 23, 46962, 100, 1, 1
1621688406483257828, 23, 48124, 100, 1, 1
1621688406495933389, 23, 48124, 100, 1, 1
1621688406506515938, 23, 48514, 100, 1, 1
1621688406519211878, 23, 48710, 100, 1, 1
1621688406532877990, 23, 48710, 100, 1, 1
1621688406543453065, 23, 49784, 100, 1, 1
1621688406556122615, 23, 49784, 100, 1, 1
1621688406566733738, 23, 51247, 100, 1, 1
1621688406579363242, 23, 51435, 100, 1, 1
1621688406592795304, 23, 51435, 100, 1, 1
1621688406603391359, 23, 51921, 100, 1, 1
1621688406616052874, 23, 51921, 100, 1, 1
1621688406626671972, 23, 56199, 100, 1, 1
1621688406639669769, 23, 56978, 100, 1, 1
1621688406653226285, 23, 56978, 100, 1, 1
1621688406663828190, 23, 55808, 100, 1, 1
1621688406676459959, 23, 55808, 100, 1, 1
1621688406687032270, 23, 55631, 100, 1, 1
1621688406699659310, 23, 56412, 100, 1, 1
1621688406713351841, 23, 56412, 100, 1, 1
1621688406723920134, 23, 56022, 100, 1, 1
1621688406736582841, 23, 56022, 100, 1, 1
1621688406747153067, 23, 56002, 100, 1, 1
1621688406759769688, 23, 56979, 100, 1, 1
1621688406773215635, 23, 56979, 100, 1, 1
1621688406783811390, 23, 57369, 100, 2, 1
1621688406796464308, 23, 57369, 100, 2, 1
1621688406807059211, 23, 57955, 100, 2, 1
1621688406819666023, 23, 58149, 100, 2, 1
1621688406833510951, 23, 58149, 100, 2, 1
1621688406844127103, 23, 56881, 100, 2, 1
1621688406856758892, 23, 56881, 100, 2, 1
1621688406867420831, 23, 56491, 100, 2, 1
1621688406880050947, 23, 57174, 100, 2, 1
1621688406893509088, 23, 57174, 100, 2, 1
1621688406904065799, 23, 58246, 100, 2, 1
1621688406916715722, 23, 58246, 100, 2, 1
1621688406927288833, 23, 57369, 100, 2, 1
1621688406939932455, 23, 57174, 100, 2, 1
1621688406953643040, 23, 57174, 100, 2, 1
1621688406964164735, 23, 58051, 100, 2, 1
1621688406976786635, 23, 58051, 100, 2, 1
1621688406987362702, 23, 58149, 100, 2, 1
1621688406999980204, 23, 58149, 100, 2, 1
1621688407013749520, 23, 58149, 100, 2, 1
1621688407024370632, 23, 56685, 100, 2, 1
1621688407037088342, 23, 56685, 100, 2, 1
1621688407047742667, 23, 56686, 100, 2, 1
1621688407060388482, 23, 56508, 100, 2, 1
1621688407073743520, 23, 56508, 100, 2, 1
1621688407084323194, 23, 56606, 100, 2, 1
1621688407096979509, 23, 56606, 100, 2, 1
1621688407107582887, 23, 56588, 100, 3, 1
1621688407120240865, 23, 56685, 100, 3, 1
1621688407134109247, 23, 56685, 100, 3, 1
1621688407144730379, 23, 56783, 100, 3, 1
1621688407157343733, 23, 56783, 100, 3, 1
1621688407167921403, 23, 57173, 100, 3, 1
1621688407180501385, 23, 58344, 100, 3, 1
1621688407193851884, 23, 58344, 100, 3, 1
1621688407204437789, 23, 56979, 100, 3, 1
1621688407217127247, 23, 56979, 100, 3, 1
1621688407227711509, 23, 56588, 100, 3, 1
1621688407240674070, 23, 56490, 100, 3, 1
1621688407254168589, 24, 56490, 100, 3, 1
1621688407264778721, 24, 56509, 100, 3, 1
1621688407277410219, 24, 56509, 100, 3, 1
1621688407288010311, 24, 56490, 100, 3, 1
1621688407300637301, 24, 56491, 100, 3, 1
1621688407314271093, 24, 56491, 100, 3, 1
1621688407324822714, 24, 56881, 100, 3, 1
1621688407337683082, 24, 56881, 100, 3, 1
1621688407348252457, 24, 58344, 100, 3, 1
1621688407360865189, 24, 58637, 100, 3, 1
1621688407374204578, 24, 58637, 100, 3, 1
1621688407384756269, 24, 58929, 100, 3, 1
1621688407397387246, 24, 58929, 100, 3, 1
1621688407407948726, 24, 58930, 100, 3, 1
1621688407420627383, 24, 58929, 100, 3, 1
1621688407434281553, 24, 58929, 100, 3, 1
1621688407444905720, 24, 58929, 100, 3, 1
1621688407457549732, 24, 58929, 100, 3, 1
1621688407468126842, 24, 58929, 100, 3, 1
1621688407480760785, 24, 58930, 100, 3, 1
1621688407494384477, 24, 58930, 100, 3, 1
1621688407504984289, 24, 58930, 100, 3, 1
1621688407517643028, 24, 58930, 100, 3, 1
1621688407528268999, 24, 59027, 100, 3, 1
1621688407541242590, 24, 58832, 100, 3, 1
1621688407554555588, 24, 58832, 100, 3, 1
1621688407565105086, 24, 58832, 100, 3, 1
1621688407577821443, 24, 58832, 100, 3, 1
1621688407588443116, 24, 62822, 100, 3, 2
1621688407601047674, 24, 58344, 100, 3, 2
1621688407614667299, 24, 58344, 100, 3, 2
1621688407625186309, 24, 57662, 100, 3, 2
1621688407637809361, 24, 57662, 100, 3, 2
1621688407648457554, 24, 57466, 100, 3, 2
1621688407661090575, 24, 59418, 100, 3, 2
1621688407674570427, 24, 59418, 100, 3, 2
1621688407685092243, 24, 61174, 100, 3, 2
1621688407697729522, 24, 61174, 100, 3, 2
1621688407708278999, 24, 56101, 100, 3, 2
1621688407720913624, 24, 55143, 100, 3, 2
1621688407734629549, 24, 55143, 100, 3, 2
1621688407745167133, 24, 68148, 100, 3, 3
1621688407757803301, 25, 68148, 100, 3, 3
1621688407768342398, 25, 188389, 100, 3, 3
1621688407780958989, 25, 204096, 100, 3, 3
1621688407794742381, 25, 204096, 100, 3, 3
1621688407805289955, 25, 210918, 100, 3, 3
1621688407817922505, 26, 210918, 100, 3, 3
1621688407828461563, 26, 212273, 100, 3, 3
1621688407841406460, 26, 212756, 100, 3, 3
1621688407855037115, 26, 212756, 100, 3, 3
1621688407865577786, 26, 213045, 100, 3, 3
1621688407878181011, 26, 213045, 100, 3, 3
1621688407888773209, 26, 213239, 100, 3, 3
1621688407901409627, 26, 214012, 100, 3, 3
1621688407915067663, 27, 214012, 100, 3, 3
1621688407925616960, 27, 213625, 100, 3, 3
1621688407938259148, 27, 213625, 100, 3, 3
1621688407948811892, 27, 213722, 100, 8, 3
1621688407961537787, 27, 214109, 100, 8, 3
1621688407975062073, 27, 214109, 100, 8, 3
1621688407985603014, 27, 214592, 100, 8, 3
1621688407998191452, 27, 214592, 100, 8, 3
1621688408008735849, 27, 214301, 100, 8, 3
1621688408021343703, 27, 214205, 100, 8, 3
1621688408035067103, 27, 214205, 100, 8, 3
1621688408045612513, 27, 214689, 100, 8, 3
1621688408058306328, 28, 214689, 100, 8, 3
1621688408068848371, 28, 214978, 100, 8, 3
1621688408081465944, 28, 214611, 100, 8, 3
1621688408095201897, 28, 214611, 100, 8, 3
1621688408105744491, 28, 214398, 100, 8, 3
1621688408118378685, 28, 214398, 100, 9, 3
1621688408128923433, 28, 214398, 100, 9, 3
1621688408141551094, 28, 214398, 100, 9, 3
1621688408155832652, 28, 214398, 100, 9, 3
1621688408166371018, 28, 214591, 100, 9, 3
1621688408178969925, 28, 214591, 100, 9, 3
1621688408189542757, 28, 214398, 100, 9, 3
1621688408202130312, 28, 214881, 100, 9, 3
1621688408215554580, 28, 214881, 100, 9, 3
1621688408226092015, 28, 214978, 100, 9, 3
1621688408238701422, 28, 214978, 100, 9, 3
1621688408249819938, 28, 215364, 100, 9, 3
1621688408264646890, 28, 214785, 100, 9, 3
1621688408280548111, 29, 214785, 100, 9, 3
1621688408291165035, 29, 212493, 100, 9, 3
1621688408303784331, 29, 211981, 100, 9, 3
1621688408318073824, 29, 211981, 100, 9, 3
1621688408328611047, 29, 212010, 100, 9, 3
1621688408341208041, 29, 212010, 100, 9, 3
1621688408351747960, 29, 211788, 100, 9, 3
1621688408364424193, 29, 212175, 100, 9, 3
1621688408378091857, 29, 212175, 100, 9, 3
1621688408388627829, 29, 212078, 100, 9, 3
1621688408401262754, 29, 212078, 100, 9, 3
1621688408411804978, 29, 212106, 100, 9, 3
1621688408424420627, 29, 212561, 100, 9, 3
1621688408438052885, 29, 212561, 100, 9, 3
1621688408449106760, 29, 212368, 100, 10, 3
1621688408467756073, 29, 212009, 100, 10, 3
1621688408483234699, 29, 212009, 100, 10, 3
1621688408493781892, 29, 211719, 100, 10, 3
1621688408506377884, 29, 211981, 100, 10, 3
1621688408521257625, 29, 211981, 100, 10, 3
1621688408531800510, 29, 211913, 100, 10, 3
1621688408544462666, 29, 211913, 100, 10, 3
1621688408555014889, 29, 212202, 100, 10, 3
1621688408567674931, 29, 212105, 100, 10, 3
1621688408581223181, 29, 212105, 100, 10, 3
1621688408591809949, 29, 212368, 100, 10, 3
1621688408604420397, 29, 212368, 100, 10, 3
1621688408614979172, 29, 212464, 100, 10, 3
1621688408627566698, 29, 211981, 100, 10, 3
1621688408641195981, 29, 211981, 100, 10, 3
1621688408651980490, 29, 212175, 100, 10, 3
1621688408664612619, 30, 212175, 100, 10, 3
1621688408675209205, 30, 212271, 100, 10, 3
1621688408687806870, 30, 212175, 100, 10, 3
1621688408701266414, 30, 212175, 100, 10, 3
1621688408711817063, 30, 212299, 100, 10, 3
1621688408724428694, 30, 212299, 100, 10, 3
1621688408734977540, 30, 212299, 100, 10, 3
1621688408747608156, 30, 212396, 100, 10, 3
1621688408761384846, 30, 212396, 100, 10, 3
1621688408772121665, 30, 212271, 100, 10, 3
1621688408784702288, 30, 212271, 100, 10, 3
1621688408795246355, 30, 212659, 100, 10, 3
1621688408807887822, 30, 212783, 100, 10, 3
1621688408821575214, 30, 212783, 100, 10, 3
1621688408832111427, 30, 212562, 100, 10, 3
1621688408844694184, 30, 212562, 100, 10, 3
1621688408855247318, 30, 212368, 100, 10, 3
1621688408867890067, 30, 212659, 100, 10, 3
1621688408881612906, 30, 212659, 100, 10, 3
1621688408892360776, 30, 212783, 100, 10, 3
1621688408904981584, 30, 212783, 100, 10, 3
1621688408915525160, 30, 212755, 100, 10, 3
1621688408928122965, 30, 212879, 100, 10, 3
1621688408941543976, 30, 212879, 100, 10, 3
1621688408952501630, 30, 212948, 100, 10, 3
1621688408965096169, 30, 212948, 100, 10, 3
1621688408975690872, 30, 213044, 100, 10, 3
1621688408988319384, 30, 212947, 100, 10, 3
1621688409001645538, 30, 212947, 100, 10, 3
1621688409012188453, 30, 212754, 100, 10, 3
1621688409024780717, 30, 212754, 100, 10, 3
1621688409035333090, 30, 212947, 100, 10, 3
1621688409048177529, 30, 213044, 100, 10, 3
1621688409061830676, 30, 213044, 100, 10, 3
1621688409072560051, 30, 212850, 100, 10, 3
1621688409085200737, 30, 212850, 100, 10, 3
1621688409095754863, 30, 212948, 100, 10, 3
1621688409108378556, 30, 212948, 100, 10, 3
1621688409122031524, 30, 212948, 100, 10, 3
1621688409132569720, 30, 213141, 100, 10, 3
1621688409145165621, 30, 213141, 100, 10, 3
1621688409155708165, 30, 213238, 100, 10, 3
1621688409168298286, 31, 213334, 100, 10, 3
1621688409182674462, 31, 213334, 100, 10, 3
1621688409193219832, 31, 212658, 100, 10, 3
1621688409205842834, 31, 212658, 100, 10, 3
1621688409216423780, 31, 212561, 100, 10, 3
1621688409229038978, 31, 212658, 100, 10, 3
1621688409242026656, 31, 212658, 100, 10, 3
1621688409252943413, 31, 212879, 100, 10, 3
1621688409265560204, 31, 212879, 100, 10, 3
1621688409276117125, 31, 212658, 100, 10, 3
1621688409288790903, 31, 212561, 100, 11, 3
1621688409302265605, 31, 212561, 100, 11, 3
1621688409313229751, 31, 212783, 100, 11, 3
1621688409325841823, 31, 212783, 100, 11, 3
1621688409336430353, 31, 212948, 100, 11, 3
1621688409349042195, 31, 212851, 100, 11, 3
1621688409362231611, 31, 212851, 100, 11, 3
1621688409372771962, 31, 212755, 100, 11, 3
1621688409385600300, 31, 212755, 100, 11, 3
1621688409396145529, 31, 212687, 100, 11, 3
1621688409408756769, 31, 212851, 100, 11, 3
1621688409422418543, 31, 212851, 100, 11, 3
1621688409433335060, 31, 212879, 100, 11, 3
1621688409445935901, 31, 212879, 100, 11, 3
1621688409456481801, 31, 212976, 100, 10, 3
1621688409469076461, 31, 213073, 100, 10, 3
1621688409482382927, 31, 213073, 100, 10, 3
1621688409493487557, 31, 213045, 100, 10, 3
1621688409506107243, 31, 213045, 100, 10, 3
1621688409516657762, 31, 213045, 100, 10, 3
1621688409529252411, 31, 213142, 100, 10, 3
1621688409542454131, 31, 213142, 100, 10, 3
1621688409553615137, 31, 213045, 100, 10, 3
1621688409566235063, 31, 213045, 100, 10, 3
1621688409576835056, 31, 212948, 100, 10, 3
1621688409589676098, 31, 213045, 100, 10, 3
1621688409602577493, 31, 213045, 100, 10, 3
1621688409613760110, 31, 212948, 100, 10, 3
1621688409626380638, 31, 212948, 100, 11, 3
1621688409636930425, 31, 213141, 100, 11, 3
1621688409649808257, 31, 212948, 100, 11, 3
1621688409662739688, 31, 212948, 100, 11, 3
1621688409674596171, 31, 213238, 100, 11, 3
1621688409687186432, 31, 213459, 100, 11, 3
1621688409702816623, 31, 213459, 100, 11, 3
1621688409713998608, 31, 213431, 100, 11, 3
1621688409726658119, 31, 213431, 100, 11, 3
1621688409737203859, 31, 213044, 100, 11, 3
1621688409749846459, 31, 213237, 100, 11, 3
1621688409762763063, 31, 213237, 100, 11, 3
1621688409773304695, 31, 213430, 100, 11, 3
1621688409785896179, 31, 213430, 100, 11, 3
1621688409796440296, 31, 213334, 100, 11, 3
1621688409809068348, 31, 213527, 100, 11, 3
1621688409822952690, 31, 213527, 100, 11, 3
1621688409834160934, 31, 213721, 100, 11, 3
1621688409846799396, 31, 213721, 100, 11, 3
1621688409857352280, 31, 213721, 100, 11, 3
1621688409869957529, 31, 213817, 100, 11, 3
1621688409882917364, 31, 213817, 100, 11, 3
1621688409893535109, 31, 213818, 100, 11, 3
1621688409906172809, 31, 213818, 100, 11, 3
1621688409916721414, 31, 213141, 100, 11, 3
1621688409929309161, 31, 213044, 100, 11, 3
1621688409942993777, 31, 213044, 100, 11, 3
1621688409953540930, 31, 213168, 100, 11, 3
1621688409966155747, 31, 213168, 100, 11, 3
1621688409976695717, 31, 213237, 100, 11, 3
1621688409989291979, 31, 213236, 100, 11, 3
1621688410003497635, 31, 213236, 100, 11, 3
1621688410014055407, 31, 212879, 100, 11, 3
1621688410026666738, 31, 212879, 100, 11, 3
1621688410037212649, 31, 212851, 100, 11, 3
1621688410050188434, 31, 213071, 100, 11, 3
1621688410063319951, 31, 213071, 100, 11, 3
1621688410075267435, 31, 212851, 100, 11, 3
1621688410087879957, 31, 212754, 100, 11, 3
1621688410103850217, 31, 212754, 100, 11, 3
1621688410114784998, 31, 212754, 100, 11, 3
1621688410127370200, 31, 212754, 100, 11, 3
1621688410137919016, 31, 212948, 100, 11, 3
1621688410150526319, 31, 212754, 100, 11, 3
1621688410163407947, 31, 212754, 100, 11, 3
1621688410175273897, 31, 212948, 100, 11, 3
1621688410187873406, 32, 212948, 100, 11, 3
1621688410203953352, 32, 212948, 100, 11, 3
1621688410215006085, 32, 212880, 100, 11, 3
1621688410227622715, 32, 212880, 100, 11, 3
1621688410238271980, 32, 213045, 100, 11, 3
1621688410250919118, 32, 213044, 100, 11, 3
1621688410263599809, 32, 213044, 100, 11, 3
1621688410275063624, 32, 212948, 100, 11, 3
1621688410287676216, 32, 212948, 100, 11, 3
1621688410298371407, 32, 212852, 100, 11, 3
1621688410312117639, 32, 213045, 100, 11, 3
1621688410324727206, 32, 213045, 100, 11, 3
1621688410335274670, 32, 213045, 100, 11, 3
1621688410347914785, 32, 213045, 100, 11, 3
1621688410358606339, 32, 213072, 100, 11, 3
1621688410371221186, 32, 213168, 100, 11, 3
1621688410383854949, 32, 213168, 100, 11, 3
1621688410394395880, 32, 213238, 100, 11, 3
1621688410407125833, 32, 213238, 100, 11, 3
1621688410417765280, 32, 213431, 100, 11, 3
1621688410430375849, 32, 213238, 100, 11, 3
1621688410443903741, 32, 213238, 100, 11, 3
1621688410454443179, 32, 213141, 100, 11, 3
1621688410467031346, 32, 213141, 100, 11, 3
1621688410477575564, 32, 213141, 100, 11, 3
1621688410490199337, 32, 213073, 100, 11, 3
1621688410503954777, 32, 213073, 100, 11, 3
1621688410514563846, 32, 213169, 100, 11, 3
1621688410527155990, 32, 213169, 100, 11, 3
1621688410537699386, 32, 213555, 100, 11, 3
1621688410550291330, 32, 213459, 100, 11, 3
1621688410564068331, 32, 213459, 100, 11, 3
1621688410574609883, 32, 213624, 100, 11, 3
1621688410587227035, 32, 213624, 100, 11, 3
1621688410597771002, 32, 213818, 100, 11, 3
1621688410610617384, 32, 213721, 100, 11, 3
1621688410624287263, 32, 213721, 100, 11, 3
1621688410634830408, 32, 213044, 100, 11, 3
1621688410647429295, 32, 213044, 100, 11, 3
1621688410657977360, 32, 212851, 100, 11, 3
1621688410670592638, 32, 212976, 100, 11, 3
1621688410684312590, 32, 212976, 100, 11, 3
1621688410694849935, 32, 213073, 100, 11, 3
1621688410707468569, 32, 213073, 100, 11, 3
1621688410718132762, 32, 213141, 100, 11, 3
1621688410730744784, 32, 213431, 100, 11, 3
1621688410744410615, 32, 213431, 100, 11, 3
1621688410755909426, 32, 213528, 100, 11, 3
1621688410768525465, 32, 213528, 100, 11, 3
1621688410779065985, 32, 213652, 100, 11, 3
1621688410791680622, 32, 213431, 100, 11, 3
1621688410804583480, 32, 213431, 100, 11, 3
1621688410815133068, 32, 213362, 100, 11, 3
1621688410827772090, 32, 213362, 100, 11, 3
1621688410838318512, 32, 213362, 100, 11, 3
1621688410851264030, 32, 213528, 100, 11, 3
1621688410864759261, 32, 213528, 100, 11, 3
1621688410875307446, 32, 213334, 100, 11, 3
1621688410887943332, 32, 213334, 100, 11, 3
1621688410898520261, 32, 213556, 100, 11, 3
1621688410911115151, 32, 213652, 100, 11, 3
1621688410925379296, 32, 213652, 100, 11, 3
1621688410936824376, 32, 213652, 100, 11, 3
1621688410949436387, 32, 213624, 100, 11, 3
1621688410964886881, 32, 213624, 100, 11, 3
1621688410975429095, 32, 213624, 100, 11, 3
1621688410988049633, 32, 213624, 100, 11, 3
1621688410998591666, 32, 213334, 100, 11, 3
1621688411011193198, 32, 213334, 100, 11, 3
1621688411025540540, 32, 213334, 100, 11, 3
1621688411036516258, 32, 213431, 100, 11, 3
1621688411049256300, 32, 213431, 100, 11, 3
1621688411059902389, 32, 213431, 100, 11, 3
1621688411072538756, 32, 213624, 100, 11, 3
1621688411085277756, 32, 213624, 100, 11, 3
1621688411097184503, 32, 213624, 100, 11, 3
1621688411109824948, 32, 213818, 100, 11, 3
1621688411126172167, 32, 213818, 100, 11, 3
1621688411136729719, 32, 214011, 100, 11, 3
1621688411149353934, 32, 214011, 100, 11, 3
1621688411160009741, 32, 213915, 100, 11, 3
1621688411172595233, 32, 213818, 100, 11, 3
1621688411185227964, 32, 213818, 100, 11, 3
1621688411195769807, 32, 213624, 100, 11, 3
1621688411208382229, 32, 213624, 100, 11, 3
1621688411218987341, 32, 213817, 100, 11, 3
1621688411231643115, 32, 213818, 100, 11, 3
1621688411245448870, 32, 213818, 100, 11, 3
1621688411255993377, 32, 213915, 100, 11, 3
1621688411268632490, 32, 213915, 100, 11, 3
1621688411279174673, 32, 213624, 100, 11, 3
1621688411291790061, 32, 213451, 100, 11, 3
1621688411305501508, 32, 213451, 100, 11, 3
1621688411316042039, 32, 213915, 100, 11, 3
1621688411328764959, 32, 213915, 100, 11, 3
1621688411339311320, 32, 213818, 100, 11, 3
1621688411351903896, 33, 213624, 100, 11, 3
1621688411365535453, 33, 213624, 100, 11, 3
1621688411376079841, 33, 213527, 100, 11, 3
1621688411388672476, 33, 213527, 100, 11, 3
1621688411399219669, 33, 213548, 100, 11, 3
1621688411411831911, 33, 213818, 100, 11, 3
1621688411425701646, 33, 213818, 100, 11, 3
1621688411436251504, 33, 213624, 100, 11, 3
1621688411448887470, 33, 213624, 100, 11, 3
1621688411459431648, 33, 213528, 100, 11, 3
1621688411472026276, 33, 213528, 100, 11, 3
1621688411485650560, 33, 213528, 100, 11, 3
1621688411496235263, 33, 213624, 100, 11, 3
1621688411508854028, 33, 213624, 100, 11, 3
1621688411519401972, 33, 213624, 100, 11, 3
1621688411532266037, 33, 213721, 100, 11, 3
1621688411545889289, 33, 213721, 100, 11, 3
1621688411556427886, 33, 213459, 100, 11, 3
1621688411569074292, 33, 213459, 100, 11, 3
1621688411579614903, 33, 213555, 100, 11, 3
1621688411592235972, 33, 213741, 100, 11, 3
1621688411605782138, 33, 213741, 100, 11, 3
1621688411616326065, 33, 213721, 100, 11, 3
1621688411628948066, 33, 213721, 100, 11, 3
1621688411639544271, 33, 213624, 100, 11, 3
1621688411652413385, 33, 213721, 100, 11, 3
1621688411666062515, 33, 213721, 100, 11, 3
1621688411676598928, 33, 213781, 100, 11, 3
1621688411689186333, 33, 213781, 100, 11, 3
1621688411699728587, 33, 213817, 100, 11, 3
1621688411712335940, 33, 213817, 100, 11, 3
1621688411726222586, 33, 213817, 100, 11, 3
1621688411736819843, 33, 213624, 100, 11, 3
1621688411749485265, 33, 213624, 100, 11, 3
1621688411760072073, 33, 213846, 100, 11, 3
1621688411772692090, 33, 213876, 100, 11, 3
1621688411786120074, 33, 213876, 100, 11, 3
1621688411796711621, 33, 214010, 100, 11, 3
1621688411809318132, 33, 214010, 100, 11, 3
1621688411819867349, 33, 214010, 100, 11, 3
1621688411832497545, 33, 214108, 100, 11, 3
1621688411846695376, 33, 214108, 100, 11, 3
1621688411857242158, 33, 214301, 100, 11, 3
1621688411869881400, 33, 214301, 100, 11, 3
1621688411880424686, 33, 214301, 100, 11, 3
1621688411893020637, 33, 214108, 100, 11, 3
1621688411906411542, 33, 214108, 100, 11, 3
1621688411916963003, 33, 213818, 100, 11, 3
1621688411929576268, 33, 213818, 100, 11, 3
1621688411940117029, 33, 213914, 100, 11, 3
1621688411952791187, 33, 214011, 100, 11, 3
1621688411966511591, 33, 214011, 100, 11, 3
1621688411977102586, 33, 214011, 100, 11, 3
1621688411989693729, 33, 214011, 100, 11, 3
1621688412000235041, 33, 214107, 100, 11, 3
1621688412012867882, 33, 214204, 100, 11, 3
1621688412026714823, 33, 214204, 100, 11, 3
1621688412037255274, 33, 214301, 100, 11, 3
1621688412049928951, 33, 214301, 100, 11, 3
1621688412060469823, 33, 214398, 100, 11, 3
1621688412073063038, 33, 214011, 100, 11, 3
1621688412086841722, 33, 214011, 100, 11, 3
1621688412097381781, 33, 213721, 100, 11, 3
1621688412109993793, 33, 213721, 100, 11, 3
1621688412120598695, 33, 213818, 100, 11, 3
1621688412133320603, 33, 213914, 100, 11, 3
1621688412147008295, 33, 213914, 100, 11, 3
1621688412157550469, 33, 213818, 100, 11, 3
1621688412170210411, 33, 213818, 100, 11, 3
1621688412180747495, 33, 213914, 100, 11, 3
1621688412193339068, 33, 214011, 100, 11, 3
1621688412206908378, 33, 214011, 100, 11, 3
1621688412217501688, 33, 214107, 100, 11, 3
1621688412230117166, 33, 214107, 100, 11, 3
1621688412240659901, 33, 213974, 100, 11, 3
1621688412253674900, 33, 214204, 100, 11, 3
1621688412267205136, 33, 214204, 100, 11, 3
1621688412277749564, 33, 214010, 100, 11, 3
1621688412290388266, 33, 214010, 100, 11, 3
1621688412300927003, 33, 214010, 100, 11, 3
1621688412313917095, 33, 214011, 100, 11, 3
1621688412327384043, 33, 214011, 100, 11, 3
1621688412337927018, 33, 214108, 100, 11, 3
1621688412350526125, 33, 214108, 100, 11, 3
1621688412361071395, 33, 214204, 100, 11, 3
1621688412373706951, 33, 214203, 100, 11, 3
1621688412387327767, 33, 214203, 100, 11, 3
1621688412397905778, 33, 214590, 100, 11, 3
1621688412410524383, 33, 214590, 100, 11, 3
1621688412421069872, 33, 214205, 100, 11, 3
1621688412433683517, 33, 214205, 100, 11, 3
1621688412447361922, 33, 214205, 100, 11, 3
1621688412457971212, 33, 214108, 100, 11, 3
1621688412470562464, 33, 214108, 100, 11, 3
1621688412481103796, 33, 214301, 100, 11, 3
1621688412493696401, 33, 214398, 100, 11, 3
1621688412507458033, 33, 214398, 100, 11, 3
1621688412518013441, 33, 214398, 100, 11, 3
1621688412530618600, 33, 214398, 100, 11, 3
1621688412541156045, 33, 214397, 100, 11, 3
1621688412553747278, 33, 214397, 100, 11, 3
1621688412567639715, 33, 214397, 100, 11, 3
1621688412578180305, 33, 214493, 100, 11, 3
1621688412590772851, 33, 214493, 100, 11, 3
1621688412601314303, 33, 214553, 100, 11, 3
1621688412614332127, 33, 214494, 100, 11, 3
1621688412627832217, 33, 214494, 100, 11, 3
1621688412638413013, 33, 214106, 100, 11, 3
1621688412651032609, 33, 214106, 100, 11, 3
1621688412661644062, 33, 214329, 100, 11, 3
1621688412674236056, 33, 214397, 100, 11, 3
1621688412687865850, 33, 214397, 100, 11, 3
1621688412698411731, 33, 214300, 100, 11, 3
1621688412711030666, 33, 214300, 100, 11, 3
1621688412721574011, 33, 214263, 100, 11, 3
1621688412734166516, 33, 214397, 100, 11, 3
1621688412747931053, 33, 214397, 100, 11, 3
1621688412758471554, 33, 214590, 100, 11, 3
1621688412771146484, 33, 214590, 100, 11, 3
1621688412781692224, 33, 214590, 100, 11, 3
1621688412794306570, 33, 214590, 100, 11, 3
1621688412807985657, 33, 214590, 100, 11, 3
1621688412818536977, 33, 214204, 100, 11, 3
1621688412831132127, 33, 214204, 100, 11, 3
1621688412841676645, 33, 214301, 100, 11, 3
1621688412854345995, 33, 214397, 100, 11, 3
1621688412868616131, 33, 214397, 100, 11, 3
1621688412879205012, 33, 214494, 100, 11, 3
1621688412891820751, 33, 214494, 100, 11, 3
1621688412902386569, 33, 214397, 100, 11, 3
1621688412916279307, 33, 214494, 100, 11, 3
1621688412928945530, 33, 214494, 100, 11, 3
1621688412939509835, 33, 214687, 100, 11, 3
1621688412952102421, 33, 214687, 100, 11, 3
1621688412962643452, 33, 214590, 100, 11, 3
1621688412975335154, 34, 214397, 100, 11, 3
1621688412988546171, 34, 214397, 100, 11, 3
1621688412999089727, 34, 214301, 100, 11, 3
1621688413011689255, 34, 214301, 100, 11, 3
1621688413022229315, 34, 214398, 100, 11, 3
1621688413034817502, 34, 214398, 100, 11, 3
1621688413048498742, 34, 214398, 100, 11, 3
1621688413059676810, 34, 214494, 100, 11, 3
1621688413077405153, 34, 214688, 100, 11, 3
1621688413097175081, 34, 214688, 100, 11, 3
1621688413107720100, 34, 214688, 100, 11, 3
1621688413121358449, 34, 214688, 100, 11, 3
1621688413134372557, 34, 214688, 100, 11, 3
1621688413144944165, 34, 214784, 100, 11, 3
1621688413157566607, 34, 214784, 100, 11, 3
1621688413168133276, 34, 214397, 100, 11, 3
1621688413180800762, 34, 214301, 100, 11, 3
1621688413194369371, 34, 214301, 100, 11, 3
1621688413204920832, 34, 214397, 100, 11, 3
1621688413217535790, 34, 214397, 100, 11, 3
1621688413228107008, 34, 214300, 100, 11, 3
1621688413240749697, 34, 214493, 100, 11, 3
1621688413254368550, 34, 214493, 100, 11, 3
1621688413264968732, 34, 214494, 100, 11, 3
1621688413278016352, 34, 214494, 100, 11, 3
1621688413288555540, 34, 214494, 100, 11, 3
1621688413301151933, 34, 214687, 100, 11, 3
1621688413314590367, 34, 214687, 100, 11, 3
1621688413325139444, 34, 214784, 100, 11, 3
1621688413337732610, 34, 214784, 100, 11, 3
1621688413348296044, 34, 214494, 100, 11, 3
1621688413360887597, 34, 214590, 100, 11, 3
1621688413374626165, 34, 214590, 100, 11, 3
1621688413385216449, 34, 214688, 100, 11, 3
1621688413397811158, 34, 214688, 100, 11, 3
1621688413408354644, 34, 214494, 100, 11, 3
1621688413421942599, 34, 214880, 100, 11, 3
1621688413434968258, 34, 214880, 100, 11, 3
1621688413445532493, 34, 214784, 100, 11, 3
1621688413458490164, 34, 214784, 100, 11, 3
1621688413469035704, 34, 214880, 100, 11, 3
1621688413481862118, 34, 214977, 100, 11, 3
1621688413495139490, 34, 214977, 100, 11, 3
1621688413505707041, 34, 214941, 100, 11, 3
1621688413518306319, 34, 214941, 100, 11, 3
1621688413528901242, 34, 214494, 100, 11, 3
1621688413541492434, 34, 214398, 100, 11, 3
1621688413555099335, 34, 214398, 100, 11, 3
1621688413565669381, 34, 214457, 100, 11, 3
1621688413578265864, 34, 214457, 100, 11, 3
1621688413588812305, 34, 214590, 100, 11, 3
1621688413601409920, 34, 214493, 100, 11, 3
1621688413615158357, 34, 214493, 100, 11, 3
1621688413625705790, 34, 214397, 100, 11, 3
1621688413638301291, 34, 214397, 100, 11, 3
1621688413648842392, 34, 214494, 100, 11, 3
1621688413663586579, 34, 214650, 100, 11, 3
1621688413683310611, 34, 214650, 100, 11, 3
1621688413699957642, 34, 214650, 100, 11, 3
1621688413710503122, 34, 214397, 100, 11, 3
1621688413723099885, 34, 214397, 100, 11, 3
1621688413737768510, 34, 214397, 100, 11, 3
1621688413748312998, 34, 214553, 100, 11, 3
1621688413760912186, 34, 214553, 100, 11, 3
1621688413771500607, 34, 214553, 100, 11, 3
1621688413784100435, 34, 214746, 100, 11, 3
1621688413797789891, 34, 214746, 100, 11, 3
1621688413808368804, 34, 214783, 100, 11, 3
1621688413821064773, 34, 214783, 100, 11, 3
1621688413831654657, 34, 214977, 100, 11, 3
1621688413844249065, 34, 214940, 100, 11, 3
1621688413857703449, 34, 214940, 100, 11, 3
1621688413868276631, 34, 214843, 100, 11, 3
1621688413880874005, 34, 214843, 100, 11, 3
1621688413891439823, 34, 214784, 100, 11, 3
1621688413904057786, 34, 214687, 100, 11, 3
1621688413917840747, 34, 214687, 100, 11, 3
1621688413928415282, 34, 214783, 100, 11, 3
1621688413941019429, 34, 214783, 100, 11, 3
1621688413951587772, 34, 214784, 100, 11, 3
1621688413964997893, 34, 215074, 100, 11, 3
1621688413977888338, 34, 215074, 100, 11, 3
1621688413988458303, 34, 214803, 100, 11, 3
1621688414001094491, 34, 214803, 100, 11, 3
1621688414011659517, 34, 214997, 100, 11, 3
1621688414025485920, 34, 215190, 100, 11, 3
1621688414038361156, 34, 215190, 100, 11, 3
1621688414048899302, 34, 215170, 100, 11, 3
1621688414061840452, 34, 215170, 100, 11, 3
1621688414072386943, 34, 214881, 100, 11, 3
1621688414085004125, 34, 214880, 100, 11, 3
1621688414098869271, 34, 214880, 100, 11, 3
1621688414109416193, 34, 214977, 100, 11, 3
1621688414122014930, 34, 214977, 100, 11, 3
1621688414132555391, 34, 214977, 100, 11, 3
1621688414145148397, 34, 215065, 100, 11, 3
1621688414158590778, 34, 215065, 100, 11, 3
1621688414169133222, 34, 215093, 100, 11, 3
1621688414181722552, 34, 215093, 100, 11, 3
1621688414192266168, 34, 215326, 100, 11, 3
1621688414204931430, 34, 215073, 100, 11, 3
1621688414218623691, 34, 215073, 100, 11, 3
1621688414229167077, 34, 215170, 100, 11, 3
1621688414241787544, 34, 215170, 100, 11, 3
1621688414252323997, 34, 215036, 100, 11, 3
1621688414265000540, 34, 214649, 100, 11, 3
1621688414278659027, 34, 214649, 100, 11, 3
1621688414289236938, 34, 214783, 100, 11, 3
1621688414301916236, 34, 214783, 100, 11, 3
1621688414312453831, 34, 214880, 100, 11, 3
1621688414326385382, 34, 215073, 100, 11, 3
1621688414339096580, 34, 215073, 100, 11, 3
1621688414349687445, 34, 214940, 100, 11, 3
1621688414362281503, 34, 214940, 100, 11, 3
1621688414372827634, 34, 215036, 100, 11, 3
1621688414385447150, 34, 215459, 100, 11, 3
1621688414398945687, 34, 215459, 100, 11, 3
1621688414409490986, 34, 215132, 100, 11, 3
1621688414422087269, 34, 215132, 100, 11, 3
1621688414432629953, 34, 214746, 100, 11, 3
1621688414445237537, 34, 214746, 100, 11, 3
1621688414459046186, 34, 214746, 100, 11, 3
1621688414469622123, 34, 214880, 100, 11, 3
1621688414482237491, 34, 214880, 100, 11, 3
1621688414492783331, 34, 214783, 100, 11, 3
1621688414505636606, 34, 214977, 100, 11, 3
1621688414519185007, 34, 214977, 100, 11, 3
1621688414529736889, 34, 214977, 100, 11, 3
1621688414542344473, 34, 214977, 100, 11, 3
1621688414552887798, 34, 214880, 100, 11, 3
1621688414565485173, 34, 214977, 100, 11, 3
1621688414579199225, 34, 214977, 100, 11, 3
1621688414589762388, 34, 215074, 100, 11, 3
1621688414602361916, 34, 215074, 100, 11, 3
1621688414612903308, 34, 215074, 100, 11, 3
1621688414626853954, 34, 214977, 100, 11, 3
1621688414639642929, 34, 214977, 100, 11, 3
1621688414650189711, 34, 214977, 100, 11, 3
1621688414663064826, 34, 214977, 100, 11, 3
1621688414673607421, 34, 215267, 100, 11, 3
1621688414686207380, 34, 215074, 100, 11, 3
1621688414699617040, 34, 215074, 100, 11, 3
1621688414710161748, 34, 214880, 100, 11, 3
1621688414722752570, 34, 214880, 100, 11, 3
1621688414733297209, 34, 215074, 100, 11, 3
1621688414745937594, 34, 215268, 100, 11, 3
1621688414759716347, 34, 215268, 100, 11, 3
1621688414770268500, 35, 215171, 100, 11, 3
1621688414782912051, 35, 215171, 100, 11, 3
1621688414793454134, 35, 214977, 100, 11, 3
1621688414806054724, 34, 215190, 100, 11, 3
1621688414819858806, 34, 215190, 100, 11, 3
1621688414830450322, 35, 215267, 100, 11, 3
1621688414843040933, 35, 215267, 100, 11, 3
1621688414853586794, 35, 215364, 100, 11, 3
1621688414866235223, 35, 215461, 100, 11, 3
1621688414879946600, 35, 215461, 100, 11, 3
1621688414890488343, 35, 215364, 100, 11, 3
1621688414903076851, 35, 215364, 100, 11, 3
1621688414914023494, 35, 215460, 100, 11, 3
1621688414928144711, 35, 215460, 100, 11, 3
1621688414940765008, 35, 215460, 100, 11, 3
1621688414951309597, 35, 215347, 100, 11, 3
1621688414963910638, 35, 215347, 100, 11, 3
1621688414974474993, 35, 214977, 100, 11, 3
1621688414987074101, 35, 214784, 100, 11, 3
1621688415000320073, 35, 214784, 100, 11, 3
1621688415010867176, 35, 214880, 100, 11, 3
1621688415023517510, 35, 214880, 100, 11, 3
1621688415034057159, 35, 214881, 100, 11, 3
1621688415046671154, 35, 214900, 100, 11, 3
1621688415060357123, 35, 214900, 100, 11, 3
1621688415070898765, 35, 214880, 100, 11, 3
1621688415083479849, 35, 214880, 100, 11, 3
1621688415094022935, 35, 214977, 100, 11, 3
1621688415106640086, 35, 215074, 100, 11, 3
1621688415120834390, 35, 215074, 100, 11, 3
1621688415131423702, 35, 214900, 100, 11, 3
1621688415144017219, 35, 214900, 100, 11, 3
1621688415154562088, 35, 214523, 100, 11, 3
1621688415167178578, 35, 214398, 100, 11, 3
1621688415180564113, 35, 214398, 100, 11, 3
1621688415191101367, 35, 214398, 100, 11, 3
1621688415203694163, 35, 214398, 100, 11, 3
1621688415214232259, 35, 214494, 100, 11, 3
1621688415228233250, 35, 214590, 100, 11, 3
1621688415240991577, 35, 214590, 100, 11, 3
1621688415251577482, 35, 214687, 100, 11, 3
1621688415264570299, 35, 214687, 100, 11, 3
1621688415275109136, 35, 214651, 100, 11, 3
1621688415287765391, 35, 214748, 100, 11, 3
1621688415301164381, 35, 214748, 100, 11, 3
1621688415311778931, 35, 214784, 100, 11, 3
1621688415324638077, 35, 214784, 100, 11, 3
1621688415335215086, 35, 214494, 100, 11, 3
1621688415347817470, 35, 214397, 100, 11, 3
1621688415361196011, 35, 214397, 100, 11, 3
1621688415371743214, 35, 214494, 100, 11, 3
1621688415384373531, 35, 214494, 100, 11, 3
1621688415394919622, 35, 214880, 100, 11, 3
1621688415407559476, 35, 214591, 100, 11, 3
1621688415421224415, 35, 214591, 100, 11, 3
1621688415431888097, 35, 214494, 100, 11, 3
1621688415444505149, 35, 214494, 100, 11, 3
1621688415455044978, 35, 214591, 100, 11, 3
1621688415467714687, 35, 214784, 100, 11, 3
1621688415481375890, 35, 214784, 100, 11, 3
1621688415491918524, 35, 214881, 100, 11, 3
1621688415504518343, 35, 214881, 100, 11, 3
1621688415515054375, 35, 214687, 100, 11, 3
1621688415530557398, 35, 214687, 100, 11, 3
1621688415543175221, 35, 214687, 100, 11, 3
1621688415553715992, 35, 214784, 100, 11, 3
1621688415566350566, 35, 214784, 100, 11, 3
1621688415576942483, 35, 214783, 100, 11, 3
1621688415589530910, 35, 214977, 100, 11, 3
1621688415602519469, 35, 214977, 100, 11, 3
1621688415613058667, 35, 214977, 100, 11, 3
1621688415625668305, 35, 214977, 100, 11, 3
1621688415636277474, 35, 214977, 100, 11, 3
1621688415648870831, 35, 215171, 100, 11, 3
1621688415662605982, 35, 215171, 100, 11, 3
1621688415673150730, 35, 214996, 100, 11, 3
1621688415685748906, 35, 214996, 100, 11, 3
1621688415696289637, 35, 214977, 100, 11, 3
1621688415708905626, 35, 214880, 100, 11, 3
1621688415722664412, 35, 214880, 100, 11, 3
1621688415733281487, 35, 214977, 100, 11, 3
1621688415745896604, 35, 214977, 100, 11, 3
1621688415756484935, 35, 215171, 100, 11, 3
1621688415769083030, 35, 214900, 100, 11, 3
1621688415782751196, 35, 214900, 100, 11, 3
1621688415793294933, 35, 214880, 100, 11, 3
1621688415805884933, 35, 214880, 100, 11, 3
1621688415816425534, 35, 214977, 100, 11, 3
1621688415830659412, 35, 215074, 100, 11, 3
1621688415843442165, 35, 215074, 100, 11, 3
1621688415853984539, 35, 214977, 100, 11, 3
1621688415866805422, 35, 214977, 100, 11, 3
1621688415877355661, 35, 214784, 100, 11, 3
1621688415889975527, 35, 214688, 100, 11, 3
1621688415903437456, 35, 214688, 100, 11, 3
1621688415913998164, 35, 214688, 100, 11, 3
1621688415926599726, 35, 214688, 100, 11, 3
1621688415937238752, 35, 214784, 100, 11, 3
1621688415949862977, 35, 195396, 100, 11, 3
1621688415963532034, 35, 195396, 100, 11, 3
1621688415974086992, 34, 124986, 100, 11, 3
1621688415986692842, 34, 124986, 100, 11, 3
1621688415997259061, 34, 109041, 100, 11, 3
1621688416009884979, 34, 80593, 100, 11, 4
1621688416023588301, 34, 80593, 100, 11, 4
1621688416034136105, 33, 57662, 100, 11, 4
1621688416046813449, 33, 57662, 100, 11, 4
1621688416057371793, 33, 53873, 100, 11, 4
1621688416070009654, 33, 53288, 100, 11, 4
1621688416083764011, 33, 53288, 100, 11, 4
1621688416094319780, 33, 53093, 100, 11, 4
1621688416106924208, 33, 53093, 100, 11, 4
1621688416117463736, 32, 52995, 100, 11, 4
1621688416131672237, 32, 52995, 100, 11, 4
1621688416144884606, 32, 52995, 100, 11, 4
1621688416155477886, 32, 52898, 14, 1, 4
1621688416168073547, 32, 52898, 14, 1, 4
1621688416178608357, 32, 52800, 14, 1, 4
1621688416191216140, 32, 52800, 14, 1, 4
1621688416204151279, 32, 52800, 14, 1, 4
1621688416214729110, 32, 52703, 14, 1, 4
1621688416227322276, 32, 52703, 14, 1, 4
1621688416237863087, 31, 52703, 14, 1, 4
1621688416250519893, 31, 52703, 14, 1, 4
1621688416264279691, 31, 52703, 14, 1, 4
1621688416274829078, 31, 52605, 14, 1, 4
1621688416287773855, 31, 52605, 14, 1, 4
1621688416298310959, 31, 52605, 14, 1, 4
1621688416310905318, 31, 52605, 14, 1, 4
1621688416324390820, 31, 52605, 0, 0, 4
1621688416334968640, 31, 52605, 0, 0, 4
1621688416347819060, 31, 52605, 0, 0, 4
1621688416358357827, 31, 52507, 0, 0, 4
1621688416370964950, 31, 52507, 0, 0, 4
1621688416384496279, 31, 52507, 0, 0, 4
1621688416395041768, 31, 52507, 0, 0, 4
1621688416407622091, 31, 52507, 0, 0, 4
1621688416418161619, 31, 52507, 0, 0, 4
1621688416432469707, 31, 52410, 0, 0, 4
1621688416445087450, 31, 52410, 0, 0, 4
1621688416455631868, 31, 52410, 0, 0, 4
1621688416468641466, 31, 52410, 0, 0, 4
1621688416479175234, 31, 52410, 0, 0, 4
1621688416491780964, 31, 52410, 0, 0, 4
1621688416505026105, 30, 52410, 0, 0, 4
1621688416515565293, 30, 52410, 0, 0, 4
1621688416528161064, 30, 52410, 0, 0, 4
1621688416538714137, 30, 52419, 0, 0, 4
1621688416551429342, 30, 52418, 0, 0, 4
1621688416565197776, 30, 52418, 0, 0, 4
1621688416575783692, 30, 52320, 0, 0, 4
1621688416588374665, 30, 52320, 0, 0, 4
1621688416598918351, 30, 52312, 0, 0, 4
1621688416611532407, 30, 52312, 0, 0, 4
1621688416625118388, 30, 52312, 0, 0, 4
1621688416635670791, 30, 52312, 0, 0, 4
1621688416648287992, 30, 52312, 0, 0, 4
1621688416658836618, 30, 52312, 0, 0, 4
1621688416671499075, 30, 52312, 0, 0, 4
1621688416685315860, 30, 52312, 0, 0, 4
1621688416695860979, 30, 52320, 0, 0, 4
1621688416708479122, 30, 52320, 0, 0, 4
1621688416719026776, 30, 52312, 0, 0, 4
1621688416733183740, 30, 52312, 0, 0, 4
1621688416745824666, 30, 52312, 0, 0, 4
1621688416756373592, 30, 52320, 0, 0, 4
1621688416768988940, 30, 52320, 0, 0, 4
1621688416779527698, 30, 52320, 0, 0, 4
1621688416792160138, 30, 52320, 0, 0, 4
1621688416805621685, 30, 52320, 0, 0, 4
1621688416816162496, 30, 52320, 0, 0, 4
1621688416828774749, 30, 52320, 0, 0, 4
1621688416839318415, 30, 52215, 0, 0, 4
1621688416851913165, 30, 52312, 0, 0, 4
1621688416865840527, 30, 52312, 0, 0, 4
1621688416876396166, 30, 52215, 0, 0, 4
1621688416889037102, 30, 52215, 0, 0, 4
1621688416899622798, 30, 52020, 0, 0, 4
1621688416912231022, 30, 52215, 0, 0, 4
1621688416925871105, 30, 52215, 0, 0, 4
1621688416936432134, 30, 52118, 0, 0, 4
1621688416949042202, 30, 52118, 0, 0, 4
1621688416959579447, 30, 52118, 0, 0, 4
1621688416972251712, 30, 52118, 0, 0, 4
1621688416985926660, 30, 52118, 0, 0, 4
1621688416996465407, 30, 52029, 0, 0, 4
1621688417009057562, 30, 52029, 0, 0, 4
1621688417019591811, 29, 52020, 0, 0, 4
1621688417033745919, 29, 52029, 0, 0, 4
1621688417046352461, 29, 52029, 0, 0, 4
1621688417056900886, 29, 52020, 0, 0, 4
1621688417069837256, 29, 52020, 0, 0, 4
1621688417080371735, 29, 52126, 0, 0, 4
1621688417092987234, 29, 52029, 0, 0, 4
1621688417106421099, 29, 52029, 0, 0, 4
1621688417116970406, 29, 52029, 0, 0, 4
1621688417129561469, 29, 52029, 0, 0, 4
1621688417140100757, 29, 52118, 0, 0, 4
1621688417152705225, 29, 52020, 0, 0, 4
1621688417166898487, 29, 52020, 0, 0, 4
1621688417177444478, 29, 52020, 0, 0, 4
1621688417190058583, 29, 52020, 0, 0, 4
1621688417200594896, 29, 52029, 0, 0, 4
1621688417213210033, 29, 52020, 0, 0, 4
1621688417226540064, 29, 52020, 0, 0, 4
1621688417237134927, 29, 52029, 0, 0, 4
1621688417249742350, 29, 52029, 0, 0, 4
1621688417260325440, 29, 52020, 0, 0, 4
1621688417273016240, 29, 52029, 0, 0, 4
1621688417286697020, 29, 52029, 0, 0, 4
1621688417297247208, 29, 52020, 0, 0, 4
1621688417309881502, 29, 52020, 0, 0, 4
1621688417320425950, 29, 52020, 0, 0, 4
1621688417334520897, 29, 52029, 0, 0, 4
1621688417347114474, 29, 52029, 0, 0, 4
1621688417357658311, 29, 52020, 0, 0, 4
1621688417370324425, 29, 52020, 0, 0, 4
1621688417380863502, 29, 52020, 0, 0, 4
1621688417393475164, 29, 51922, 0, 0, 4
1621688417407096201, 29, 51922, 0, 0, 4
1621688417417633504, 29, 51922, 0, 0, 4
1621688417430221821, 29, 51922, 0, 0, 4
1621688417440757152, 29, 51931, 0, 0, 4
1621688417453352813, 29, 52020, 0, 0, 4
1621688417467187912, 29, 52020, 0, 0, 4
1621688417478389555, 29, 52020, 0, 0, 4
1621688417494969370, 29, 52020, 0, 0, 4
1621688417511192796, 29, 52020, 0, 0, 4
1621688417521729329, 29, 51922, 0, 0, 4
1621688417534321023, 29, 51922, 0, 0, 4
1621688417549923722, 29, 51922, 0, 0, 4
1621688417560462440, 29, 52020, 0, 0, 4
1621688417573083899, 29, 52020, 0, 0, 4
1621688417583638296, 29, 51922, 0, 0, 4
1621688417596272549, 29, 51931, 0, 0, 4
1621688417609858641, 29, 51931, 0, 0, 4
1621688417620428186, 29, 51940, 0, 0, 4
1621688417633023516, 29, 51940, 0, 0, 4
1621688417643596237, 29, 51922, 0, 0, 4
1621688417656196437, 29, 51922, 0, 0, 4
1621688417669901702, 29, 51922, 0, 0, 4
1621688417680548793, 29, 51922, 0, 0, 4
1621688417693138824, 29, 51922, 0, 0, 4
1621688417703683512, 29, 51922, 0, 0, 4
1621688417716272050, 29, 51922, 0, 0, 4
1621688417730009435, 29, 51922, 0, 0, 4
1621688417740583709, 29, 51922, 0, 0, 4
1621688417753195471, 29, 51922, 0, 0, 4
1621688417763759445, 29, 51922, 0, 0, 4
1621688417776378100, 29, 51922, 0, 0, 4
1621688417790178674, 29, 51922, 0, 0, 4
1621688417800721268, 29, 51922, 0, 0, 4
1621688417813336927, 29, 51922, 0, 0, 4
1621688417823877627, 29, 51922, 0, 0, 4
1621688417837913874, 29, 51922, 0, 0, 4
1621688417850530214, 29, 51922, 0, 0, 4
1621688417861098237, 29, 51931, 0, 0, 4
1621688417874001946, 29, 51931, 0, 0, 4
1621688417884542086, 29, 51931, 0, 0, 4
1621688417897146013, 29, 51931, 0, 0, 4
1621688417910575109, 29, 51931, 0, 0, 4
1621688417921156707, 29, 51922, 0, 0, 4
1621688417933769991, 29, 51922, 0, 0, 4
1621688417944328756, 29, 51922, 0, 0, 4
1621688417956918386, 29, 51922, 0, 0, 4
1621688417970650201, 29, 51922, 0, 0, 4
1621688417981196783, 29, 51922, 0, 0, 4
1621688417993835485, 29, 51922, 0, 0, 4
1621688418004377007, 29, 51922, 0, 0, 4
