1621784536025260777, 23, 54752, 3, 0, 3
1621784536112397336, 23, 54752, 3, 0, 3
1621784536122971619, 23, 54750, 3, 0, 3
1621784536135670765, 23, 55727, 3, 0, 3
1621784536148859451, 23, 55727, 3, 0, 3
1621784536159465163, 23, 55825, 77, 12, 3
1621784536172248146, 23, 55825, 77, 12, 3
1621784536182935141, 23, 59710, 77, 12, 3
1621784536195646089, 23, 60100, 77, 12, 3
1621784536209421127, 23, 60100, 77, 12, 3
1621784536220001501, 23, 59505, 77, 12, 3
1621784536232703873, 23, 59505, 77, 12, 3
1621784536243311388, 23, 60285, 77, 12, 3
1621784536255953517, 23, 60577, 77, 12, 3
1621784536269003823, 23, 60577, 77, 12, 3
1621784536279642426, 23, 60393, 77, 12, 3
1621784536292311356, 23, 60393, 77, 12, 3
1621784536302877663, 23, 59797, 77, 12, 3
1621784536315518239, 23, 60589, 77, 12, 3
1621784536330583282, 23, 60589, 100, 16, 3
1621784536341209411, 23, 66787, 100, 16, 3
1621784536354314580, 23, 68175, 100, 16, 3
1621784536369632458, 23, 68175, 100, 16, 3
1621784536380280970, 23, 69052, 100, 16, 3
1621784536392942386, 23, 69052, 100, 16, 3
1621784536403521537, 23, 69041, 100, 16, 3
1621784536416234379, 23, 69212, 100, 16, 3
1621784536431483327, 23, 69212, 100, 16, 3
1621784536442115248, 23, 69713, 100, 16, 3
1621784536454752357, 23, 69907, 100, 16, 3
1621784536470134015, 23, 69907, 100, 16, 3
1621784536480734456, 23, 69701, 100, 16, 3
1621784536493430256, 23, 69701, 100, 15, 3
1621784536505098064, 23, 91620, 100, 15, 3
1621784536517791449, 23, 97930, 100, 15, 3
1621784536532313651, 23, 97930, 100, 15, 3
1621784536542898664, 24, 100817, 100, 15, 3
1621784536555585086, 24, 100720, 100, 15, 3
1621784536570835978, 24, 100720, 100, 15, 3
1621784536581388399, 24, 100524, 100, 15, 3
1621784536594085391, 24, 100524, 100, 15, 3
1621784536604643543, 24, 100817, 100, 15, 3
1621784536617341708, 24, 100719, 100, 15, 3
1621784536634008651, 24, 100719, 100, 15, 3
1621784536644645110, 24, 101497, 100, 15, 3
1621784536657405652, 24, 101206, 100, 34, 3
1621784536674909126, 24, 101790, 100, 34, 3
1621784536772207483, 24, 101790, 100, 34, 3
1621784536782773510, 24, 101887, 100, 34, 3
1621784536795461816, 24, 101887, 100, 34, 3
1621784536806024417, 24, 101790, 100, 34, 3
1621784536818712181, 24, 101790, 100, 34, 3
1621784536834172746, 24, 101790, 100, 34, 3
1621784536844789028, 24, 101790, 100, 34, 3
1621784536857430365, 24, 101497, 100, 34, 3
1621784536872442107, 24, 101497, 100, 34, 3
1621784536882996523, 24, 101887, 100, 34, 3
1621784536895891617, 24, 101887, 100, 34, 3
1621784536906465580, 24, 101789, 100, 34, 3
1621784536919101957, 24, 101595, 100, 34, 3
1621784536934125271, 24, 101595, 100, 34, 3
1621784536944711777, 24, 101887, 100, 34, 3
1621784536957341282, 24, 101400, 100, 34, 3
1621784536972891346, 24, 101400, 100, 34, 3
1621784536983488992, 24, 102179, 100, 34, 3
1621784536996250365, 24, 102179, 100, 34, 3
1621784537006810141, 24, 101692, 100, 34, 3
1621784537019468941, 24, 101789, 100, 34, 3
1621784537034515839, 24, 101789, 100, 34, 3
1621784537045080273, 24, 101594, 100, 34, 3
1621784537057705841, 24, 101594, 100, 34, 3
1621784537068275245, 24, 101693, 100, 34, 3
1621784537080928133, 24, 102276, 100, 34, 3
1621784537093570974, 24, 102276, 100, 34, 3
1621784537104155455, 24, 102374, 100, 34, 3
1621784537116762088, 24, 102374, 100, 34, 3
1621784537127370735, 24, 101595, 100, 34, 3
1621784537140058329, 24, 101497, 100, 34, 3
1621784537153517143, 24, 101497, 100, 34, 3
1621784537164087448, 24, 101985, 100, 34, 3
1621784537176708227, 24, 101985, 100, 34, 3
1621784537187286006, 24, 102276, 100, 34, 3
1621784537200079289, 25, 102178, 100, 34, 3
1621784537214173056, 25, 102178, 100, 34, 3
1621784537224724926, 25, 101984, 100, 34, 3
1621784537237445753, 25, 101984, 100, 34, 3
1621784537248034383, 25, 101984, 100, 34, 3
1621784537260648679, 25, 102178, 100, 34, 3
1621784537273746455, 25, 102178, 100, 34, 3
1621784537284345073, 25, 101692, 100, 34, 3
1621784537296965261, 25, 101692, 100, 34, 3
1621784537307552437, 25, 101400, 100, 34, 3
1621784537318274768, 25, 101984, 100, 34, 3
1621784537336898659, 25, 101985, 100, 34, 3
1621784537436193297, 25, 101985, 100, 34, 3
1621784537446858691, 25, 101984, 100, 34, 3
1621784537459528873, 25, 101887, 100, 34, 3
1621784537474885723, 25, 101887, 100, 34, 3
1621784537485447553, 25, 102082, 100, 34, 3
1621784537498081215, 25, 102082, 100, 34, 3
1621784537508711774, 25, 102179, 100, 34, 3
1621784537521371686, 25, 102081, 100, 34, 3
1621784537536381785, 25, 102081, 100, 34, 3
1621784537546959555, 25, 102178, 100, 34, 3
1621784537559564383, 25, 102178, 100, 34, 3
1621784537570172470, 25, 101790, 100, 34, 3
1621784537582809799, 25, 101789, 100, 34, 3
1621784537595435687, 25, 101789, 100, 34, 3
1621784537606008157, 25, 102082, 100, 34, 3
1621784537618702964, 25, 102082, 100, 34, 3
1621784537629264003, 25, 101789, 100, 34, 3
1621784537641970232, 25, 101303, 100, 34, 3
1621784537656932380, 25, 101303, 100, 34, 3
1621784537667485103, 25, 101887, 100, 34, 3
1621784537680127843, 25, 101887, 100, 34, 3
1621784537695662818, 25, 101887, 100, 34, 3
1621784537706233113, 25, 102081, 100, 34, 3
1621784537718977604, 25, 102081, 100, 34, 3
1621784537729531479, 25, 102374, 100, 34, 3
1621784537742224423, 25, 102081, 100, 34, 3
1621784537755796380, 25, 102081, 100, 34, 3
1621784537766358790, 25, 102276, 100, 34, 3
1621784537779000458, 25, 102276, 100, 34, 3
1621784537789583106, 25, 101984, 100, 34, 3
1621784537802239672, 25, 101887, 100, 34, 3
1621784537816650615, 25, 101887, 100, 34, 3
1621784537827233564, 25, 102179, 100, 34, 3
1621784537839931698, 25, 102179, 100, 34, 3
1621784537850509568, 25, 101985, 100, 34, 3
1621784537863126068, 25, 102277, 100, 34, 3
1621784537876014210, 25, 102277, 100, 34, 3
1621784537886597930, 25, 101984, 100, 34, 3
1621784537899207518, 25, 101984, 100, 34, 3
1621784537909760931, 25, 101400, 100, 34, 3
1621784537922464044, 25, 101790, 100, 34, 3
1621784537937603527, 25, 101790, 100, 34, 3
1621784537948162530, 25, 101964, 100, 34, 3
1621784537960812494, 25, 101964, 100, 34, 3
1621784537971387097, 25, 102256, 100, 34, 3
1621784537982051870, 25, 101887, 100, 34, 3
1621784538001225174, 25, 102276, 100, 34, 3
1621784538098958467, 25, 102276, 100, 34, 3
1621784538109613842, 25, 102374, 100, 34, 3
1621784538122329369, 25, 102374, 100, 34, 3
1621784538133010773, 25, 102277, 100, 34, 3
1621784538145731620, 25, 102179, 100, 34, 3
1621784538159044720, 25, 102179, 100, 34, 3
1621784538169605397, 25, 101984, 100, 34, 3
1621784538182248638, 25, 101984, 100, 34, 3
1621784538192829923, 25, 102081, 100, 34, 3
1621784538205466592, 25, 102178, 100, 34, 3
1621784538219072222, 25, 102178, 100, 34, 3
1621784538229631766, 25, 102763, 100, 34, 3
1621784538242319421, 25, 102763, 100, 34, 3
1621784538252875610, 25, 102569, 100, 34, 3
1621784538265483484, 25, 102568, 100, 34, 3
1621784538279144408, 25, 102568, 100, 34, 3
1621784538289698984, 25, 102082, 100, 34, 3
1621784538302321064, 25, 102082, 100, 34, 3
1621784538312878175, 25, 102081, 100, 34, 3
1621784538325641762, 25, 102470, 100, 34, 3
1621784538340844553, 25, 102470, 100, 34, 3
1621784538351419547, 25, 101984, 100, 34, 3
1621784538364101070, 25, 102373, 100, 34, 3
1621784538379686310, 25, 102373, 100, 34, 3
1621784538390269560, 25, 101887, 100, 34, 3
1621784538402882483, 25, 101887, 100, 34, 3
1621784538413452719, 25, 101789, 100, 34, 3
1621784538426141505, 25, 102082, 100, 34, 3
1621784538441294152, 25, 102082, 100, 34, 3
1621784538451905264, 25, 101984, 100, 34, 3
1621784538464563813, 25, 102081, 100, 34, 3
1621784538480065206, 25, 102081, 100, 34, 3
1621784538490693049, 25, 102081, 100, 34, 3
1621784538503352440, 25, 102081, 100, 34, 3
1621784538513911064, 25, 102569, 100, 34, 3
1621784538526543083, 25, 101887, 100, 34, 3
1621784538541881499, 25, 101887, 100, 34, 3
1621784538552438019, 25, 101887, 100, 34, 3
1621784538565049179, 25, 101887, 100, 34, 3
1621784538580585938, 25, 101887, 100, 34, 3
1621784538591143690, 25, 102082, 100, 34, 3
1621784538603778024, 25, 102082, 100, 34, 3
1621784538614345494, 25, 101867, 100, 34, 3
1621784538626993584, 25, 101887, 100, 34, 3
1621784538642450162, 25, 102471, 100, 34, 3
1621784538662229274, 25, 101887, 100, 34, 3
1621784538756825562, 25, 102081, 100, 34, 3
1621784538769479223, 25, 102568, 100, 34, 3
1621784538782138574, 25, 102568, 100, 34, 3
1621784538792691446, 25, 102276, 100, 34, 3
1621784538805334647, 25, 102276, 100, 34, 3
1621784538816395424, 25, 102471, 100, 34, 3
1621784538829037874, 25, 102665, 100, 34, 3
1621784538844147530, 25, 102665, 100, 34, 3
1621784538854707415, 25, 102179, 100, 34, 3
1621784538867331621, 25, 101984, 100, 34, 3
1621784538882387616, 25, 101984, 100, 34, 3
1621784538892947271, 25, 101790, 100, 34, 3
1621784538905606582, 25, 101790, 100, 34, 3
1621784538916158483, 25, 102568, 100, 34, 3
1621784538928847219, 25, 102276, 100, 34, 3
1621784538946258882, 25, 102276, 100, 34, 3
1621784538956804320, 25, 102471, 100, 34, 3
1621784538969485272, 25, 102276, 100, 34, 3
1621784538984518685, 25, 102276, 100, 34, 3
1621784538995077268, 25, 101984, 100, 34, 3
1621784539007703888, 25, 101984, 100, 34, 3
1621784539018305582, 25, 101984, 100, 34, 3
1621784539030965224, 25, 102471, 100, 34, 3
1621784539047854895, 25, 102471, 100, 34, 3
1621784539058454745, 25, 102081, 100, 34, 3
1621784539071061618, 25, 102276, 100, 34, 3
1621784539085941052, 25, 102276, 100, 34, 3
1621784539096557153, 25, 102081, 100, 34, 3
1621784539109168845, 25, 102081, 100, 34, 3
1621784539119963812, 25, 101887, 100, 34, 3
1621784539132586394, 25, 101984, 100, 34, 3
1621784539148706529, 26, 101984, 100, 34, 3
1621784539159325075, 26, 101887, 100, 34, 3
1621784539171978666, 26, 101790, 100, 34, 3
1621784539186917020, 25, 101790, 100, 34, 3
1621784539197470884, 25, 102277, 100, 34, 3
1621784539210084880, 25, 102277, 100, 34, 3
1621784539220633484, 25, 102082, 100, 34, 3
1621784539233297024, 25, 102179, 100, 34, 3
1621784539249585906, 25, 102179, 100, 34, 3
1621784539260135693, 25, 102763, 100, 34, 3
1621784539272819830, 26, 102450, 100, 34, 3
1621784539288179967, 26, 102450, 100, 34, 3
1621784539298953514, 26, 102178, 100, 34, 3
1621784539309601666, 26, 102353, 100, 34, 3
1621784539328304905, 26, 101984, 100, 34, 3
1621784539422507154, 26, 102179, 100, 34, 3
1621784539435232769, 26, 102179, 100, 34, 3
1621784539445854030, 26, 101984, 100, 34, 3
1621784539458610023, 26, 101887, 100, 34, 3
1621784539472203990, 26, 101887, 100, 34, 3
1621784539482755100, 26, 102276, 100, 34, 3
1621784539495380557, 26, 102276, 100, 34, 3
1621784539505936776, 26, 102277, 100, 34, 3
1621784539518542837, 26, 102374, 100, 34, 3
1621784539532370484, 26, 102374, 100, 34, 3
1621784539542928095, 26, 102276, 100, 34, 3
1621784539555847876, 26, 102276, 100, 34, 3
1621784539566444290, 26, 102276, 100, 34, 3
1621784539579062304, 26, 102471, 100, 34, 3
1621784539592672061, 26, 102471, 100, 34, 3
1621784539603233600, 26, 102374, 100, 34, 3
1621784539615855831, 26, 102374, 100, 34, 3
1621784539626412070, 26, 102178, 100, 34, 3
1621784539639041765, 26, 102568, 100, 34, 3
1621784539654736952, 26, 102568, 100, 34, 3
1621784539665299533, 26, 102471, 100, 34, 3
1621784539677925701, 26, 102665, 100, 34, 3
1621784539693203082, 26, 102665, 100, 34, 3
1621784539703759131, 26, 102373, 100, 34, 3
1621784539716387674, 26, 102373, 100, 34, 3
1621784539726959823, 26, 101888, 100, 34, 3
1621784539739588346, 26, 102179, 100, 34, 3
1621784539755139652, 26, 102179, 100, 34, 3
1621784539765709066, 26, 102179, 100, 34, 3
1621784539778355413, 26, 102082, 100, 34, 3
1621784539793628005, 26, 102082, 100, 34, 3
1621784539804185005, 26, 102471, 100, 34, 3
1621784539816780436, 26, 102471, 100, 34, 3
1621784539827379856, 26, 102374, 100, 34, 3
1621784539840020041, 26, 102666, 100, 34, 3
1621784539855511395, 26, 102666, 100, 34, 3
1621784539866082011, 26, 102081, 100, 34, 3
1621784539878690716, 26, 102082, 100, 34, 3
1621784539894154709, 26, 102082, 100, 34, 3
1621784539904709094, 26, 101887, 100, 34, 3
1621784539917372523, 26, 101887, 100, 34, 3
1621784539927933811, 26, 101984, 100, 34, 3
1621784539940727685, 26, 101964, 100, 34, 3
1621784539956015556, 26, 101964, 100, 34, 3
1621784539966941510, 26, 102471, 100, 34, 3
1621784539985977805, 26, 101692, 100, 34, 3
1621784540083557100, 26, 101692, 100, 34, 3
1621784540096188890, 26, 101692, 100, 34, 3
1621784540106754305, 26, 102276, 100, 34, 3
1621784540119386516, 26, 102276, 100, 34, 3
1621784540129940229, 26, 102568, 100, 34, 3
1621784540142549647, 26, 102082, 100, 34, 3
1621784540157594902, 26, 102082, 100, 34, 3
1621784540168249105, 26, 102354, 100, 34, 3
1621784540180991202, 26, 102276, 100, 34, 3
1621784540196110897, 26, 102276, 100, 34, 3
1621784540206694036, 26, 102471, 100, 34, 3
1621784540219364669, 26, 102471, 100, 34, 3
1621784540230466292, 26, 102548, 100, 34, 3
1621784540243076571, 26, 102645, 100, 34, 3
1621784540258063346, 26, 102645, 100, 34, 3
1621784540268662686, 26, 101595, 100, 34, 3
1621784540281350521, 26, 101887, 100, 34, 3
1621784540296753618, 26, 101887, 100, 34, 3
1621784540307318623, 26, 102277, 100, 34, 3
1621784540319926158, 26, 102277, 100, 34, 3
1621784540330483167, 26, 101692, 100, 34, 3
1621784540343115498, 26, 102256, 100, 34, 3
1621784540358720175, 26, 102256, 100, 34, 3
1621784540369334953, 26, 102374, 100, 34, 3
1621784540382043738, 26, 101985, 100, 34, 3
1621784540397323253, 26, 101985, 100, 34, 3
1621784540407933673, 26, 102451, 100, 34, 3
1621784540420559802, 26, 102451, 100, 34, 3
1621784540431576025, 26, 101985, 100, 34, 3
1621784540444222913, 26, 102354, 100, 34, 3
1621784540459372334, 26, 102354, 100, 34, 3
1621784540469973918, 26, 102257, 100, 34, 3
1621784540482667183, 26, 102354, 100, 34, 3
1621784540497854856, 26, 102354, 100, 34, 3
1621784540508445770, 26, 102082, 100, 34, 3
1621784540521128595, 26, 102082, 100, 34, 3
1621784540531744205, 26, 102451, 100, 34, 3
1621784540544407965, 26, 102742, 100, 34, 3
1621784540559785715, 26, 102742, 100, 34, 3
1621784540570387109, 26, 102340, 100, 34, 3
1621784540583254921, 26, 102354, 100, 34, 3
1621784540598496195, 26, 102354, 100, 34, 3
1621784540609071209, 26, 102242, 100, 34, 3
1621784540621757400, 26, 102262, 100, 34, 3
1621784540649810081, 26, 102534, 100, 34, 3
1621784540747604870, 26, 102534, 100, 34, 3
1621784540763188978, 26, 102534, 100, 34, 3
1621784540773752671, 26, 102451, 100, 34, 3
1621784540787646612, 26, 102242, 100, 34, 3
1621784540801715953, 26, 102242, 100, 34, 3
1621784540812285097, 26, 102256, 100, 34, 3
1621784540824911385, 26, 102256, 100, 34, 3
1621784540835469638, 26, 102373, 100, 34, 3
1621784540848092501, 26, 101887, 100, 34, 3
1621784540863787467, 26, 101887, 100, 34, 3
1621784540874344597, 26, 102159, 100, 34, 3
1621784540887098817, 26, 101965, 100, 34, 3
1621784540902383432, 26, 101965, 100, 34, 3
1621784540912962413, 26, 102159, 100, 34, 3
1621784540925643134, 26, 102159, 100, 34, 3
1621784540936221405, 26, 102742, 100, 34, 3
1621784540948859516, 26, 102257, 100, 34, 3
1621784540964305214, 26, 102257, 100, 34, 3
1621784540974873345, 26, 102548, 100, 34, 3
1621784540988518629, 26, 102178, 100, 34, 3
1621784541002898754, 26, 102178, 100, 34, 3
1621784541013457618, 26, 102374, 100, 34, 3
1621784541026138730, 26, 102374, 100, 34, 3
1621784541036694127, 26, 101971, 100, 34, 3
1621784541049346665, 26, 102242, 100, 34, 3
1621784541064970368, 26, 102242, 100, 34, 3
1621784541075559308, 26, 101985, 100, 34, 3
1621784541088199643, 26, 102548, 100, 34, 3
1621784541103562365, 26, 102548, 100, 34, 3
1621784541114112753, 26, 102067, 100, 34, 3
1621784541126716881, 26, 102067, 100, 34, 3
1621784541137328042, 26, 102061, 100, 34, 3
1621784541149952518, 26, 102742, 100, 34, 3
1621784541165613891, 26, 102742, 100, 34, 3
1621784541176170901, 26, 102548, 100, 34, 3
1621784541189801427, 26, 102937, 100, 34, 3
1621784541204191351, 26, 102937, 100, 34, 3
1621784541214749834, 26, 102937, 100, 34, 3
1621784541227377736, 26, 102937, 100, 34, 3
1621784541237948372, 26, 102631, 100, 34, 3
1621784541250564532, 26, 102645, 100, 34, 3
1621784541266403178, 26, 102645, 100, 34, 3
1621784541276971059, 26, 102145, 100, 34, 3
1621784541290062753, 26, 102374, 100, 34, 3
1621784541313092744, 26, 102936, 100, 34, 3
1621784541410630771, 26, 102276, 100, 34, 3
1621784541425966201, 26, 102276, 100, 34, 3
1621784541436539061, 26, 102471, 100, 34, 3
1621784541449181400, 26, 102471, 100, 34, 3
1621784541459794506, 26, 102082, 100, 34, 3
1621784541472492530, 26, 102568, 100, 34, 3
1621784541486546051, 26, 102568, 100, 34, 3
1621784541497120213, 26, 102762, 100, 34, 3
1621784541509807537, 26, 102762, 100, 34, 3
1621784541520410594, 26, 102665, 100, 34, 3
1621784541533044437, 26, 102568, 100, 34, 3
1621784541546738824, 26, 102568, 100, 34, 3
1621784541557302386, 26, 102860, 100, 34, 3
1621784541570002624, 26, 102860, 100, 34, 3
1621784541580587827, 26, 102742, 100, 34, 3
1621784541593256807, 26, 102471, 100, 34, 3
1621784541607739304, 26, 102471, 100, 34, 3
1621784541618332953, 26, 102471, 100, 34, 3
1621784541630946298, 26, 102471, 100, 34, 3
1621784541641533094, 26, 102471, 100, 34, 3
1621784541654219086, 26, 102742, 100, 34, 3
1621784541670100552, 26, 102742, 100, 34, 3
1621784541680678872, 26, 102276, 100, 34, 3
1621784541693347471, 26, 102471, 100, 34, 3
1621784541708656762, 26, 102471, 100, 34, 3
1621784541719208413, 26, 102081, 100, 34, 3
1621784541731849449, 26, 102081, 100, 34, 3
1621784541742400698, 26, 101984, 100, 34, 3
1621784541755022960, 26, 102374, 100, 34, 3
1621784541770446937, 26, 102374, 100, 34, 3
1621784541781079389, 26, 102277, 100, 34, 3
1621784541793718572, 26, 102374, 100, 34, 3
1621784541809043573, 26, 102374, 100, 34, 3
1621784541819602798, 26, 102471, 100, 34, 3
1621784541832224568, 26, 102471, 100, 34, 3
1621784541842809000, 26, 102276, 100, 34, 3
1621784541855418808, 26, 102374, 100, 34, 3
1621784541871847453, 26, 102374, 100, 34, 3
1621784541882586806, 26, 102762, 100, 34, 3
1621784541895231149, 26, 102665, 100, 34, 3
1621784541909796872, 26, 102665, 100, 34, 3
1621784541920489608, 26, 102276, 100, 34, 3
1621784541933183253, 26, 102276, 100, 34, 3
1621784541943787853, 26, 102471, 100, 34, 3
1621784541956543686, 26, 102763, 100, 34, 3
1621784541973699577, 26, 102276, 100, 34, 3
1621784542073488655, 26, 102276, 100, 34, 3
1621784542084048490, 26, 102276, 100, 34, 3
1621784542096660142, 26, 102374, 100, 34, 3
1621784542111721327, 26, 102374, 100, 34, 3
1621784542122285230, 26, 101887, 100, 34, 3
1621784542134914234, 26, 101887, 100, 34, 3
1621784542145491613, 26, 102568, 100, 34, 3
1621784542158121378, 26, 102665, 100, 34, 3
1621784542174218700, 26, 102665, 100, 34, 3
1621784542184831285, 26, 102859, 100, 34, 3
1621784542197451743, 26, 102471, 100, 34, 3
1621784542212671206, 26, 102471, 100, 34, 3
1621784542223337041, 26, 102665, 100, 34, 3
1621784542235965313, 26, 102665, 100, 34, 3
1621784542246529427, 26, 102568, 100, 34, 3
1621784542259155886, 26, 102374, 100, 34, 3
1621784542275090272, 26, 102374, 100, 34, 3
1621784542285680565, 26, 102742, 100, 34, 3
1621784542298315560, 26, 102839, 100, 34, 3
1621784542313612559, 26, 102839, 100, 34, 3
1621784542324173917, 26, 102568, 100, 34, 3
1621784542336814403, 26, 102568, 100, 34, 3
1621784542347369009, 26, 102179, 100, 34, 3
1621784542359995849, 26, 102179, 100, 34, 3
1621784542376737562, 26, 102179, 100, 34, 3
1621784542387288441, 26, 102568, 100, 34, 3
1621784542399999258, 26, 102958, 100, 34, 3
1621784542414573309, 26, 102958, 100, 34, 3
1621784542425136290, 26, 102665, 100, 34, 3
1621784542437775493, 26, 102665, 100, 34, 3
1621784542448329357, 26, 102179, 100, 34, 3
1621784542460966306, 26, 102277, 100, 34, 3
1621784542476949414, 26, 102277, 100, 34, 3
1621784542487545708, 26, 102471, 100, 34, 3
1621784542500153613, 26, 103055, 100, 34, 3
1621784542515359540, 26, 103055, 100, 34, 3
1621784542525979829, 26, 102568, 100, 34, 3
1621784542538645853, 26, 102568, 100, 34, 3
1621784542549205588, 26, 102568, 100, 34, 3
1621784542561837968, 26, 102568, 100, 34, 3
1621784542577898301, 26, 102568, 100, 34, 3
1621784542588643255, 26, 102645, 100, 34, 3
1621784542601249907, 26, 102451, 100, 34, 3
1621784542616330839, 26, 102645, 100, 34, 3
1621784542636473925, 27, 102373, 100, 34, 3
1621784542729304975, 26, 102276, 100, 34, 3
1621784542741954358, 26, 102471, 100, 34, 3
1621784542757908862, 26, 102471, 100, 34, 3
1621784542768466253, 26, 102374, 100, 34, 3
1621784542781156292, 26, 102374, 100, 34, 3
1621784542791726567, 26, 102471, 100, 34, 3
1621784542804337126, 26, 102665, 100, 34, 3
1621784542818832709, 26, 102665, 100, 34, 3
1621784542829427830, 27, 102179, 100, 34, 3
1621784542842111347, 27, 102179, 100, 34, 3
1621784542853935629, 27, 102374, 100, 34, 3
1621784542866556688, 27, 102568, 100, 34, 3
1621784542881436172, 27, 102568, 100, 34, 3
1621784542892015544, 27, 102762, 100, 34, 3
1621784542904716814, 27, 102374, 100, 34, 3
1621784542919866355, 27, 102374, 100, 34, 3
1621784542930426040, 27, 102374, 100, 34, 3
1621784542943159641, 27, 102374, 100, 34, 3
1621784542954037514, 27, 102374, 100, 34, 3
1621784542966662010, 27, 102180, 100, 34, 3
1621784542982836147, 27, 102180, 100, 34, 3
1621784542994285874, 27, 102665, 100, 34, 3
1621784543006960064, 27, 102374, 100, 34, 3
1621784543021099396, 27, 102374, 100, 34, 3
1621784543031657167, 27, 102471, 100, 34, 3
1621784543044336066, 27, 102471, 100, 34, 3
1621784543054889339, 27, 101887, 100, 34, 3
1621784543067526198, 27, 102666, 100, 34, 3
1621784543083776918, 27, 102666, 100, 34, 3
1621784543094531740, 27, 102665, 100, 34, 3
1621784543107208364, 27, 102471, 100, 34, 3
1621784543121936052, 27, 102471, 100, 34, 3
1621784543132499655, 27, 102451, 100, 34, 3
1621784543145211595, 27, 102451, 100, 34, 3
1621784543155831313, 27, 102276, 100, 34, 3
1621784543168534196, 27, 102742, 100, 34, 3
1621784543184717089, 27, 102742, 100, 34, 3
1621784543195272927, 27, 102548, 100, 34, 3
1621784543207898715, 27, 102936, 100, 34, 3
1621784543223175636, 27, 102936, 100, 34, 3
1621784543233749167, 27, 102645, 100, 34, 3
1621784543246507624, 27, 102645, 100, 34, 3
1621784543257070025, 27, 102534, 100, 34, 3
1621784543269672389, 27, 102451, 100, 34, 3
1621784543286336787, 27, 102451, 100, 34, 3
1621784543297101497, 27, 102256, 100, 34, 3
1621784543389912140, 27, 102256, 100, 34, 3
1621784543400546746, 27, 102534, 100, 34, 3
1621784543413223440, 27, 102534, 100, 34, 3
1621784543425868795, 27, 102534, 100, 34, 3
1621784543436428931, 27, 102645, 100, 34, 3
1621784543449299880, 27, 102645, 100, 34, 3
1621784543459865316, 27, 102277, 100, 34, 3
1621784543472493017, 27, 102374, 100, 34, 3
1621784543488334719, 27, 102374, 100, 34, 3
1621784543498886460, 27, 102568, 100, 34, 3
1621784543511516506, 27, 102277, 100, 34, 3
1621784543526765574, 27, 102277, 100, 34, 3
1621784543537326892, 27, 102471, 100, 34, 3
1621784543550175759, 27, 102471, 100, 34, 3
1621784543560752507, 27, 102666, 100, 34, 3
1621784543573364539, 27, 102568, 100, 34, 3
1621784543589749412, 27, 102568, 100, 34, 3
1621784543600309378, 27, 102763, 100, 34, 3
1621784543612935126, 27, 102957, 100, 34, 3
1621784543627828345, 27, 102957, 100, 34, 3
1621784543638400073, 27, 102665, 100, 34, 3
1621784543651008568, 27, 102665, 100, 34, 3
1621784543661644808, 27, 102276, 100, 34, 3
1621784543674271958, 27, 102762, 100, 34, 3
1621784543690619841, 27, 102762, 100, 34, 3
1621784543701190227, 27, 102763, 100, 34, 3
1621784543713807298, 27, 102665, 100, 34, 3
1621784543729112772, 27, 102665, 100, 34, 3
1621784543739711852, 27, 102568, 100, 34, 3
1621784543752316420, 27, 102568, 100, 34, 3
1621784543762921691, 27, 102568, 100, 34, 3
1621784543775575762, 27, 102936, 100, 34, 3
1621784543791695396, 27, 102936, 100, 34, 3
1621784543802265592, 27, 102568, 100, 34, 3
1621784543814878716, 27, 102860, 100, 34, 3
1621784543830150827, 27, 102860, 100, 34, 3
1621784543840707888, 27, 102665, 100, 34, 3
1621784543853346259, 27, 102665, 100, 34, 3
1621784543864050016, 27, 102471, 100, 34, 3
1621784543876682526, 27, 102082, 100, 34, 3
1621784543893439668, 27, 102082, 100, 34, 3
1621784543904011026, 27, 102471, 100, 34, 3
1621784543916664897, 27, 102665, 100, 34, 3
1621784543931662171, 27, 102665, 100, 34, 3
1621784543942446158, 27, 102471, 100, 34, 3
1621784543963266627, 27, 102568, 100, 34, 3
1621784544062290236, 27, 102665, 100, 34, 3
1621784544075521832, 27, 102665, 100, 34, 3
1621784544086085545, 27, 102373, 100, 34, 3
1621784544098754735, 27, 102373, 100, 34, 3
1621784544109312156, 27, 102763, 100, 34, 3
1621784544122249470, 27, 103326, 100, 34, 3
1621784544136526250, 27, 103326, 100, 34, 3
1621784544147174663, 27, 103132, 100, 34, 3
1621784544159797795, 27, 103132, 100, 34, 3
1621784544170429997, 27, 102354, 100, 34, 3
1621784544183034746, 27, 102159, 100, 34, 3
1621784544199420580, 27, 102159, 100, 34, 3
1621784544209979725, 27, 102451, 100, 34, 3
1621784544222663151, 27, 102665, 100, 34, 3
1621784544237657871, 27, 102665, 100, 34, 3
1621784544248239928, 27, 102665, 100, 34, 3
1621784544260882949, 27, 102665, 100, 34, 3
1621784544271509159, 27, 102645, 100, 34, 3
1621784544284120710, 27, 103054, 100, 34, 3
1621784544300802912, 27, 103054, 100, 34, 3
1621784544311398204, 27, 102859, 100, 34, 3
1621784544324053187, 27, 103055, 100, 34, 3
1621784544339073665, 27, 103055, 100, 34, 3
1621784544349648209, 27, 102568, 100, 34, 3
1621784544362258738, 27, 102568, 100, 34, 3
1621784544372820858, 27, 102451, 100, 34, 3
1621784544385462686, 27, 103034, 100, 34, 3
1621784544401978224, 27, 103034, 100, 34, 3
1621784544412551225, 27, 102548, 100, 34, 3
1621784544425216707, 27, 102860, 100, 34, 3
1621784544440311716, 27, 102860, 100, 34, 3
1621784544450878645, 27, 102276, 100, 34, 3
1621784544463540090, 27, 102276, 100, 34, 3
1621784544474174937, 27, 102665, 100, 34, 3
1621784544486834348, 27, 102645, 100, 34, 3
1621784544503162564, 27, 102645, 100, 34, 3
1621784544513757195, 27, 102276, 100, 34, 3
1621784544526397150, 27, 102568, 100, 34, 3
1621784544541547212, 27, 102568, 100, 34, 3
1621784544552112578, 27, 102568, 100, 34, 3
1621784544564720272, 27, 102568, 100, 34, 3
1621784544575329470, 27, 102860, 100, 34, 3
1621784544587943656, 27, 102451, 100, 34, 3
1621784544604313581, 27, 102742, 100, 34, 3
1621784544626537106, 27, 102451, 100, 34, 3
1621784544724292342, 27, 102451, 100, 34, 3
1621784544734856676, 27, 102860, 100, 34, 3
1621784544747487293, 27, 102860, 100, 34, 3
1621784544758046297, 27, 102645, 100, 34, 3
1621784544770685520, 27, 102645, 100, 34, 3
1621784544784689108, 27, 102645, 100, 34, 3
1621784544795238924, 27, 102666, 100, 34, 3
1621784544807931658, 27, 102666, 100, 34, 3
1621784544818482778, 27, 102374, 100, 34, 3
1621784544831096944, 27, 102645, 100, 34, 3
1621784544845482469, 27, 102645, 100, 34, 3
1621784544856040471, 27, 102665, 100, 34, 3
1621784544868647003, 27, 102665, 100, 34, 3
1621784544879245100, 27, 102762, 100, 34, 3
1621784544891914039, 27, 102645, 100, 34, 3
1621784544908430610, 27, 102645, 100, 34, 3
1621784544919001246, 27, 102645, 100, 34, 3
1621784544931641771, 27, 102665, 100, 34, 3
1621784544946736430, 27, 102665, 100, 34, 3
1621784544957300843, 27, 102840, 100, 34, 3
1621784544969933514, 27, 102840, 100, 34, 3
1621784544980482169, 27, 103034, 100, 34, 3
1621784544993190592, 27, 102548, 100, 34, 3
1621784545009531202, 27, 102548, 100, 34, 3
1621784545020084996, 27, 103055, 100, 34, 3
1621784545032702349, 27, 102665, 100, 34, 3
1621784545047860055, 27, 102665, 100, 34, 3
1621784545058408870, 27, 103055, 100, 34, 3
1621784545071069063, 27, 103055, 100, 34, 3
1621784545081630421, 27, 102839, 100, 34, 3
1621784545094463749, 27, 102936, 100, 34, 3
1621784545110856236, 27, 102936, 100, 34, 3
1621784545121410070, 27, 102957, 100, 34, 3
1621784545134048993, 27, 102859, 100, 34, 3
1621784545149166885, 27, 102859, 100, 34, 3
1621784545159768609, 27, 102742, 100, 34, 3
1621784545172390881, 27, 102742, 100, 34, 3
1621784545183511440, 27, 102374, 100, 34, 3
1621784545196227197, 27, 102937, 100, 34, 3
1621784545212251492, 27, 102937, 100, 34, 3
1621784545222805667, 27, 102548, 100, 34, 3
1621784545235479475, 27, 102631, 100, 34, 3
1621784545250592328, 27, 102631, 100, 34, 3
1621784545261166480, 27, 102742, 100, 34, 3
1621784545274032440, 27, 102548, 100, 34, 3
1621784545290876766, 27, 103229, 100, 34, 3
1621784545385927137, 27, 102840, 100, 34, 3
1621784545398630802, 27, 102840, 100, 34, 3
1621784545409372118, 27, 102860, 100, 34, 3
1621784545422080572, 27, 102645, 100, 34, 3
1621784545436112192, 27, 102645, 100, 34, 3
1621784545446716060, 27, 102374, 100, 34, 3
1621784545459327030, 27, 102374, 100, 34, 3
1621784545469888619, 27, 102762, 100, 34, 3
1621784545482588957, 27, 103054, 100, 34, 3
1621784545496466989, 27, 103054, 100, 34, 3
1621784545507035260, 27, 102860, 100, 34, 3
1621784545519718246, 27, 102860, 100, 34, 3
1621784545530293450, 27, 102276, 100, 34, 3
1621784545542919329, 27, 102276, 100, 34, 3
1621784545557335702, 27, 102276, 100, 34, 3
1621784545567925003, 27, 102859, 100, 34, 3
1621784545580553065, 27, 102859, 100, 34, 3
1621784545591104826, 27, 102665, 100, 34, 3
1621784545603890314, 27, 102374, 100, 34, 3
1621784545620201919, 27, 102374, 100, 34, 3
1621784545630751806, 27, 102374, 100, 34, 3
1621784545643459007, 27, 102665, 100, 34, 3
1621784545658560608, 27, 102665, 100, 34, 3
1621784545669123058, 27, 102374, 100, 34, 3
1621784545681751682, 27, 102374, 100, 34, 3
1621784545692358816, 27, 102568, 100, 34, 3
1621784545705025732, 27, 102568, 100, 34, 3
1621784545721493821, 27, 102568, 100, 34, 3
1621784545732056201, 27, 102860, 100, 34, 3
1621784545744694703, 27, 102957, 100, 34, 3
1621784545759788419, 27, 102957, 100, 34, 3
1621784545770367851, 27, 102277, 100, 34, 3
1621784545783000172, 27, 102277, 100, 34, 3
1621784545793559867, 27, 102471, 100, 34, 3
1621784545806258352, 27, 102839, 100, 34, 3
1621784545822841598, 27, 102839, 100, 34, 3
1621784545833405781, 27, 102762, 100, 34, 3
1621784545846017402, 27, 103152, 100, 34, 3
1621784545861030037, 27, 103152, 100, 34, 3
1621784545871608036, 27, 102471, 100, 34, 3
1621784545884208827, 27, 102471, 100, 34, 3
1621784545894777299, 27, 102665, 100, 34, 3
1621784545908892426, 27, 102631, 100, 34, 3
1621784545924023743, 27, 102631, 100, 34, 3
1621784545934751083, 27, 102937, 100, 34, 3
1621784545952221987, 27, 102471, 100, 34, 3
1621784546049090095, 27, 102763, 100, 34, 3
1621784546063969689, 27, 102763, 100, 34, 3
1621784546074533662, 27, 103229, 100, 34, 3
1621784546087170982, 27, 103229, 100, 34, 3
1621784546097785720, 27, 102665, 100, 34, 3
1621784546110904244, 27, 102957, 100, 34, 3
1621784546126818844, 27, 102957, 100, 34, 3
1621784546137428693, 27, 102374, 100, 34, 3
1621784546150099185, 27, 102568, 100, 34, 3
1621784546165244118, 27, 102568, 100, 34, 3
1621784546175849508, 27, 102568, 100, 34, 3
1621784546188475507, 27, 102568, 100, 34, 3
1621784546199036455, 27, 102860, 100, 34, 3
1621784546211960153, 27, 102762, 100, 34, 3
1621784546228313246, 27, 102762, 100, 34, 3
1621784546238864605, 27, 103055, 100, 34, 3
1621784546251495714, 27, 102860, 100, 34, 3
1621784546266836254, 27, 102860, 100, 34, 3
1621784546277389456, 27, 102179, 100, 34, 3
1621784546290022579, 27, 102179, 100, 34, 3
1621784546300605397, 27, 102665, 100, 34, 3
1621784546313225865, 27, 102937, 100, 34, 3
1621784546330043592, 27, 102937, 100, 34, 3
1621784546340588639, 27, 102936, 100, 34, 3
1621784546353208416, 27, 103034, 100, 34, 3
1621784546368506526, 27, 103034, 100, 34, 3
1621784546379077753, 27, 102568, 100, 34, 3
1621784546391685568, 27, 102568, 100, 34, 3
1621784546402286751, 27, 102568, 100, 34, 3
1621784546414898783, 27, 102860, 100, 34, 3
1621784546431558242, 27, 102860, 100, 34, 3
1621784546442121714, 27, 103151, 100, 34, 3
1621784546454821502, 27, 103131, 100, 34, 3
1621784546470091759, 27, 103131, 100, 34, 3
1621784546480688063, 27, 102957, 100, 34, 3
1621784546493339269, 27, 102957, 100, 34, 3
1621784546503919673, 27, 102665, 100, 34, 3
1621784546516534531, 27, 102568, 100, 34, 3
1621784546532986941, 27, 102568, 100, 34, 3
1621784546543591240, 27, 102762, 100, 34, 3
1621784546556221606, 27, 103034, 100, 34, 3
1621784546572822095, 27, 103034, 100, 34, 3
1621784546583387270, 27, 102825, 100, 34, 3
1621784546596117685, 27, 102840, 100, 34, 3
1621784546614352795, 27, 102471, 100, 34, 3
1621784546710784673, 27, 102276, 100, 34, 3
1621784546723401534, 27, 102451, 100, 34, 3
1621784546738878381, 27, 102451, 100, 34, 3
1621784546749710828, 27, 102957, 100, 34, 3
1621784546762342337, 27, 102742, 100, 34, 3
1621784546777321879, 27, 102742, 100, 34, 3
1621784546787886363, 27, 102957, 100, 34, 3
1621784546800512411, 27, 102957, 100, 34, 3
1621784546811084159, 27, 102277, 100, 34, 3
1621784546823686844, 27, 102665, 100, 34, 3
1621784546840225315, 27, 102665, 100, 34, 3
1621784546850797925, 27, 102374, 100, 34, 3
1621784546863425877, 27, 102471, 100, 34, 3
1621784546878727825, 27, 102471, 100, 34, 3
1621784546890418485, 27, 102276, 100, 34, 3
1621784546903025278, 27, 102276, 100, 34, 3
1621784546913685121, 27, 102742, 100, 34, 3
1621784546926311410, 27, 102839, 100, 34, 3
1621784546941501969, 27, 102839, 100, 34, 3
1621784546952103522, 27, 102437, 100, 34, 3
1621784546964723750, 27, 102923, 100, 34, 3
1621784546980103083, 27, 102923, 100, 34, 3
1621784546990665874, 27, 102742, 100, 34, 3
1621784547003291522, 27, 102742, 100, 34, 3
1621784547013888658, 27, 102548, 100, 34, 3
1621784547026522310, 27, 102242, 100, 34, 3
1621784547043070691, 27, 102242, 100, 34, 3
1621784547053650073, 27, 102437, 100, 34, 3
1621784547066261083, 27, 102742, 100, 34, 3
1621784547081503419, 27, 102742, 100, 34, 3
1621784547092113048, 27, 102159, 100, 34, 3
1621784547104745729, 27, 102159, 100, 34, 3
1621784547115335751, 27, 102548, 100, 34, 3
1621784547127965556, 27, 102839, 100, 34, 3
1621784547144456349, 27, 102839, 100, 34, 3
1621784547155028637, 27, 103312, 100, 34, 3
1621784547167666949, 27, 103313, 100, 34, 3
1621784547183030733, 27, 103313, 100, 34, 3
1621784547193662784, 27, 102437, 100, 34, 3
1621784547206306436, 27, 102437, 100, 34, 3
1621784547216903521, 27, 102451, 100, 34, 3
1621784547229567220, 27, 102457, 100, 34, 3
1621784547246203105, 27, 102457, 100, 34, 3
1621784547256886713, 27, 102548, 100, 34, 3
1621784547276553303, 27, 102645, 100, 34, 3
1621784547372482516, 27, 102457, 100, 34, 3
1621784547386609346, 27, 102457, 100, 34, 3
1621784547397174501, 27, 102839, 100, 34, 3
1621784547409823063, 27, 102839, 100, 34, 3
1621784547420408335, 27, 102548, 100, 34, 3
1621784547433023955, 27, 102645, 100, 34, 3
1621784547449747795, 27, 102645, 100, 34, 3
1621784547460321606, 27, 102728, 100, 34, 3
1621784547473048604, 28, 102728, 100, 34, 3
1621784547488068382, 28, 102728, 100, 34, 3
1621784547498627696, 28, 103313, 100, 34, 3
1621784547511228538, 28, 103313, 100, 34, 3
1621784547521817878, 28, 102631, 100, 34, 3
1621784547534418198, 27, 102825, 100, 34, 3
1621784547552239431, 27, 102825, 100, 34, 3
1621784547562818362, 28, 102548, 100, 34, 3
1621784547576094332, 28, 102665, 100, 34, 3
1621784547590245998, 27, 102665, 100, 34, 3
1621784547600802637, 27, 102451, 100, 34, 3
1621784547613428205, 27, 102451, 100, 34, 3
1621784547624003510, 27, 102825, 100, 34, 3
1621784547636651169, 27, 102922, 100, 34, 3
1621784547654239293, 28, 102922, 100, 34, 3
1621784547664799349, 28, 102839, 100, 34, 3
1621784547677414226, 28, 102645, 100, 34, 3
1621784547692318517, 28, 102645, 100, 34, 3
1621784547702876619, 28, 102451, 100, 34, 3
1621784547715509871, 28, 102451, 100, 34, 3
1621784547726086248, 28, 102451, 100, 34, 3
1621784547738723277, 28, 102548, 100, 34, 3
1621784547756479166, 28, 102548, 100, 34, 3
1621784547767048540, 28, 102645, 100, 34, 3
1621784547779713040, 27, 102742, 100, 34, 3
1621784547794632980, 27, 102742, 100, 34, 3
1621784547805247138, 28, 102840, 100, 34, 3
1621784547817879358, 28, 102840, 100, 34, 3
1621784547828447068, 28, 103214, 100, 34, 3
1621784547841063839, 28, 103215, 100, 34, 3
1621784547858910830, 28, 103215, 100, 34, 3
1621784547869482498, 28, 102936, 100, 34, 3
1621784547882171174, 28, 102957, 100, 34, 3
1621784547897085263, 28, 102957, 100, 34, 3
1621784547907763100, 28, 102825, 100, 34, 3
1621784547920519573, 28, 103118, 100, 34, 3
1621784547939044338, 28, 102179, 100, 34, 3
1621784548036278153, 28, 102471, 100, 34, 3
1621784548048891989, 28, 102374, 100, 34, 3
1621784548065515360, 28, 102374, 100, 34, 3
1621784548076077540, 28, 103229, 100, 34, 3
1621784548088727633, 28, 102839, 100, 34, 3
1621784548103986259, 28, 102839, 100, 34, 3
1621784548115173104, 28, 102742, 100, 34, 3
1621784548127856309, 28, 102742, 100, 34, 3
1621784548138413250, 28, 102839, 100, 34, 3
1621784548151057793, 28, 102742, 100, 34, 3
1621784548167098699, 28, 102742, 100, 34, 3
1621784548177663204, 28, 102651, 100, 34, 3
1621784548190288861, 28, 102763, 100, 34, 3
1621784548205612680, 28, 102763, 100, 34, 3
1621784548216172836, 28, 102645, 100, 34, 3
1621784548228809424, 28, 102645, 100, 34, 3
1621784548239376935, 28, 103117, 100, 34, 3
1621784548251975091, 28, 102839, 100, 34, 3
1621784548269951745, 28, 102839, 100, 34, 3
1621784548280512612, 28, 103034, 100, 34, 3
1621784548293124805, 28, 102645, 100, 34, 3
1621784548307862321, 28, 102645, 100, 34, 3
1621784548318423700, 28, 103132, 100, 34, 3
1621784548331040351, 28, 103132, 100, 34, 3
1621784548341598283, 28, 102937, 100, 34, 3
1621784548354237697, 28, 103034, 100, 34, 3
1621784548372010107, 28, 103034, 100, 34, 3
1621784548382563240, 28, 102742, 100, 34, 3
1621784548395192414, 28, 102742, 100, 34, 3
1621784548410155605, 28, 102742, 100, 34, 3
1621784548420714539, 28, 102645, 100, 34, 3
1621784548433321892, 28, 102645, 100, 34, 3
1621784548443869295, 28, 103034, 100, 34, 3
1621784548456516563, 28, 103131, 100, 34, 3
1621784548473844999, 28, 103131, 100, 34, 3
1621784548484428649, 28, 102839, 100, 34, 3
1621784548497060499, 28, 102742, 100, 34, 3
1621784548512112547, 28, 102742, 100, 34, 3
1621784548522683914, 28, 102742, 100, 34, 3
1621784548535291688, 28, 102742, 100, 34, 3
1621784548546004361, 28, 103229, 100, 34, 3
1621784548558686184, 28, 102548, 100, 34, 3
1621784548576024459, 28, 102548, 100, 34, 3
1621784548598129422, 28, 102762, 100, 34, 3
1621784548693212154, 28, 103034, 100, 34, 3
1621784548705840187, 28, 102554, 100, 34, 3
1621784548718445596, 28, 102554, 100, 34, 3
1621784548729062379, 28, 102922, 100, 34, 3
1621784548741694509, 28, 102860, 100, 34, 3
1621784548756212643, 28, 102860, 100, 34, 3
1621784548766762611, 28, 102548, 100, 34, 3
1621784548780667282, 28, 102548, 100, 34, 3
1621784548791219623, 28, 102645, 100, 34, 3
1621784548803850050, 28, 102923, 100, 34, 3
1621784548818526612, 28, 102923, 100, 34, 3
1621784548829139999, 28, 102922, 100, 34, 3
1621784548841755608, 28, 102922, 100, 34, 3
1621784548852316155, 28, 103034, 100, 34, 3
1621784548864997467, 28, 102645, 100, 34, 3
1621784548882363844, 28, 102645, 100, 34, 3
1621784548892925403, 28, 102742, 100, 34, 3
1621784548905543427, 28, 103034, 100, 34, 3
1621784548920669634, 28, 103034, 100, 34, 3
1621784548931230762, 28, 102645, 100, 34, 3
1621784548943848545, 28, 102645, 100, 34, 3
1621784548954436322, 28, 103117, 100, 34, 3
1621784548967071699, 28, 102548, 100, 34, 3
1621784548984884305, 28, 102548, 100, 34, 3
1621784548995482332, 28, 102568, 100, 34, 3
1621784549008114753, 28, 103131, 100, 34, 3
1621784549023000949, 28, 103131, 100, 34, 3
1621784549033580060, 28, 103131, 100, 34, 3
1621784549046185521, 28, 103131, 100, 34, 3
1621784549056742550, 28, 102743, 100, 34, 3
1621784549069410979, 28, 103131, 100, 34, 3
1621784549086573503, 28, 103131, 100, 34, 3
1621784549097130613, 28, 103118, 100, 34, 3
1621784549109810413, 28, 103229, 100, 34, 3
1621784549124987616, 28, 103229, 100, 34, 3
1621784549135546089, 28, 103228, 100, 34, 3
1621784549148161698, 28, 103228, 100, 34, 3
1621784549158742944, 28, 103326, 100, 34, 3
1621784549171372559, 28, 102936, 100, 34, 3
1621784549187117079, 28, 102936, 100, 34, 3
1621784549197667306, 28, 103326, 100, 34, 3
1621784549210356493, 28, 103034, 100, 34, 3
1621784549225670724, 28, 103034, 100, 34, 3
1621784549236377476, 28, 102631, 100, 34, 3
1621784549265748884, 28, 102374, 100, 34, 3
1621784549362848547, 28, 102548, 100, 34, 3
1621784549375523047, 28, 102631, 100, 34, 3
1621784549394444717, 28, 102631, 100, 34, 3
1621784549405011005, 28, 103215, 100, 34, 3
1621784549417667180, 28, 103020, 100, 34, 3
1621784549432586008, 28, 103020, 100, 34, 3
1621784549443165390, 28, 102645, 100, 34, 3
1621784549455794905, 28, 102645, 100, 34, 3
1621784549466393994, 28, 102451, 100, 34, 3
1621784549479005666, 28, 102742, 100, 34, 3
1621784549496592658, 28, 102742, 100, 34, 3
1621784549507176378, 28, 102451, 100, 34, 3
1621784549519861929, 28, 102645, 100, 34, 3
1621784549534936549, 28, 102645, 100, 34, 3
1621784549545495352, 28, 102534, 100, 34, 3
1621784549558097506, 28, 102534, 100, 34, 3
1621784549568682309, 28, 102840, 100, 34, 3
1621784549581289963, 28, 103444, 100, 34, 3
1621784549597630021, 28, 103444, 100, 34, 3
1621784549608184927, 28, 102645, 100, 34, 3
1621784549620792511, 28, 102534, 100, 34, 3
1621784549636165773, 28, 102534, 100, 34, 3
1621784549646728524, 28, 103020, 100, 34, 3
1621784549659375191, 28, 103020, 100, 34, 3
1621784549669990501, 28, 102839, 100, 34, 3
1621784549682612291, 28, 102742, 100, 34, 3
1621784549698539003, 28, 102742, 100, 34, 3
1621784549709102415, 28, 102748, 100, 34, 3
1621784549721720779, 28, 102748, 100, 34, 3
1621784549732384290, 28, 102922, 100, 34, 3
1621784549744990912, 28, 102936, 100, 34, 3
1621784549757618674, 28, 102936, 100, 34, 3
1621784549768179611, 28, 102936, 100, 34, 3
1621784549780815489, 28, 102936, 100, 34, 3
1621784549791415790, 28, 103312, 100, 34, 3
1621784549804078047, 28, 102534, 100, 34, 3
1621784549818308871, 28, 102534, 100, 34, 3
1621784549828858618, 28, 102631, 100, 34, 3
1621784549841463166, 28, 102631, 100, 34, 3
1621784549852014335, 28, 102742, 100, 34, 3
1621784549864631688, 28, 102568, 100, 34, 3
1621784549878342244, 28, 102568, 100, 34, 3
1621784549888934931, 28, 102374, 100, 34, 3
1621784549901664114, 28, 102548, 100, 34, 3
1621784549926384121, 28, 102936, 100, 34, 3
1621784550021402433, 28, 102936, 100, 34, 3
1621784550032064240, 28, 102665, 100, 34, 3
1621784550044801257, 28, 102548, 100, 34, 3
1621784550059190259, 28, 102548, 100, 34, 3
1621784550069752228, 28, 102548, 100, 34, 3
1621784550082628638, 28, 102548, 100, 34, 3
1621784550093239649, 28, 103229, 100, 34, 3
1621784550106095469, 28, 102860, 100, 34, 3
1621784550119588337, 28, 102860, 100, 34, 3
1621784550130196874, 28, 103152, 100, 34, 3
1621784550142806031, 28, 103152, 100, 34, 3
1621784550153359685, 28, 102568, 100, 34, 3
1621784550166017113, 28, 102277, 100, 34, 3
1621784550179749951, 28, 102277, 100, 34, 3
1621784550190303294, 28, 102742, 100, 34, 3
1621784550202963978, 28, 102742, 100, 34, 3
1621784550213570742, 28, 103034, 100, 34, 3
1621784550226219123, 28, 102665, 100, 34, 3
1621784550239844108, 28, 102665, 100, 34, 3
1621784550250395077, 28, 102568, 100, 34, 3
1621784550262996009, 28, 102568, 100, 34, 3
1621784550273551075, 28, 102568, 100, 34, 3
1621784550286163228, 28, 102665, 100, 34, 3
1621784550300059043, 28, 102665, 100, 34, 3
1621784550310644496, 28, 102666, 100, 34, 3
1621784550323297145, 28, 102666, 100, 34, 3
1621784550333892577, 28, 103326, 100, 34, 3
1621784550346499570, 28, 102742, 100, 34, 3
1621784550360109899, 28, 102742, 100, 34, 3
1621784550370659895, 28, 103034, 100, 34, 3
1621784550383264915, 28, 103034, 100, 34, 4
1621784550393831863, 28, 84948, 100, 34, 4
1621784550406504360, 28, 80591, 100, 34, 4
1621784550420193326, 28, 80591, 100, 34, 4
1621784550430742060, 28, 79408, 100, 34, 4
1621784550443353231, 28, 79408, 100, 34, 4
1621784550453917745, 28, 79796, 100, 34, 4
1621784550466527103, 28, 78532, 100, 34, 4
1621784550480104749, 28, 78532, 100, 34, 4
1621784550490660006, 28, 79116, 100, 34, 4
1621784550503328284, 28, 79116, 100, 34, 4
1621784550513889482, 28, 79505, 100, 18, 4
1621784550526537202, 28, 78642, 100, 18, 4
1621784550540381229, 28, 78642, 100, 18, 4
1621784550550954290, 28, 78823, 100, 18, 4
1621784550563741030, 28, 79408, 100, 18, 4
1621784550590089899, 28, 49979, 100, 18, 5
1621784550689911688, 28, 49979, 57, 8, 5
1621784550703126693, 28, 49979, 57, 8, 5
1621784550713662633, 28, 49881, 57, 8, 5
1621784550726316725, 28, 49881, 57, 8, 5
1621784550736857464, 28, 49784, 57, 8, 5
1621784550749449860, 28, 49881, 57, 8, 5
1621784550763070468, 28, 49881, 57, 8, 5
1621784550773625252, 27, 49783, 57, 8, 5
1621784550786218229, 27, 49783, 57, 8, 5
1621784550796753659, 27, 49792, 57, 8, 5
1621784550809374969, 27, 49783, 57, 8, 5
1621784550823611966, 27, 49783, 57, 8, 5
1621784550834154728, 27, 49792, 57, 8, 5
1621784550846747845, 27, 49792, 57, 8, 5
1621784550857291390, 27, 49783, 0, 0, 5
1621784550869888535, 27, 49783, 0, 0, 5
1621784550883276055, 27, 49783, 0, 0, 5
1621784550893814129, 27, 49783, 0, 0, 5
1621784550906453092, 27, 49783, 0, 0, 5
1621784550917002378, 27, 49783, 0, 0, 5
1621784550929669061, 27, 49783, 0, 0, 5
1621784550943388866, 27, 49783, 0, 0, 5
1621784550953920349, 27, 49686, 0, 0, 5
1621784550966526500, 27, 49686, 0, 0, 5
1621784550977064555, 27, 49686, 0, 0, 5
1621784550989651260, 27, 49783, 0, 0, 5
1621784551003556221, 27, 49783, 0, 0, 5
1621784551014093965, 27, 49694, 0, 0, 5
1621784551027036859, 27, 49694, 0, 0, 5
1621784551037605542, 27, 49783, 0, 0, 5
1621784551050191365, 27, 49686, 0, 0, 5
1621784551063547075, 27, 49686, 0, 0, 5
1621784551074089097, 27, 49588, 0, 0, 5
1621784551086726686, 27, 49588, 0, 0, 5
1621784551097262957, 27, 49588, 0, 0, 5
1621784551109898935, 27, 49685, 0, 0, 5
1621784551123602008, 27, 49685, 0, 0, 5
1621784551134141686, 27, 49686, 0, 0, 5
1621784551146729581, 27, 49686, 0, 0, 5
1621784551157267356, 27, 49588, 0, 0, 5
1621784551169880661, 27, 49491, 0, 0, 5
1621784551183755006, 27, 49491, 0, 0, 5
1621784551194294644, 27, 49686, 0, 0, 5
1621784551206987227, 27, 49686, 0, 0, 5
1621784551217525502, 27, 49588, 0, 0, 5
1621784551230780643, 27, 49588, 0, 0, 5
1621784551253332095, 27, 49597, 0, 0, 5
1621784551348084677, 27, 49597, 0, 0, 5
1621784551358731155, 27, 49588, 0, 0, 5
1621784551371439579, 27, 49588, 0, 0, 5
1621784551384282685, 27, 49588, 0, 0, 5
1621784551394834075, 27, 49491, 0, 0, 5
1621784551407454794, 27, 49491, 0, 0, 5
1621784551418017425, 27, 49491, 0, 0, 5
1621784551430612424, 27, 49588, 0, 0, 5
1621784551444366633, 27, 49588, 0, 0, 5
1621784551454910238, 27, 49588, 0, 0, 5
1621784551467519596, 27, 49588, 0, 0, 5
1621784551478089189, 27, 49491, 0, 0, 5
1621784551490683689, 27, 49491, 0, 0, 5
1621784551504453878, 27, 49491, 0, 0, 5
1621784551514994827, 27, 49491, 0, 0, 5
1621784551527617289, 27, 49491, 0, 0, 5
1621784551538158851, 27, 49491, 0, 0, 5
1621784551550750134, 27, 49588, 0, 0, 5
1621784551564577258, 27, 49588, 0, 0, 5
1621784551575116165, 27, 49588, 0, 0, 5
1621784551587726214, 27, 49588, 0, 0, 5
1621784551598262415, 27, 49588, 0, 0, 5
1621784551610874067, 27, 49588, 0, 0, 5
1621784551624716462, 27, 49588, 0, 0, 5
1621784551635267210, 27, 49588, 0, 0, 5
1621784551647933294, 27, 49588, 0, 0, 5
1621784551658479443, 27, 49491, 0, 0, 5
1621784551671139626, 27, 49588, 0, 0, 5
1621784551684822211, 27, 49588, 0, 0, 5
1621784551695363321, 27, 49588, 0, 0, 5
1621784551707975843, 27, 49588, 0, 0, 5
1621784551718516954, 27, 49588, 0, 0, 5
1621784551731126762, 27, 49491, 0, 0, 5
1621784551745290160, 27, 49491, 0, 0, 5
1621784551755837592, 27, 49588, 0, 0, 5
1621784551768445537, 27, 49588, 0, 0, 5
1621784551778985295, 27, 49588, 0, 0, 5
1621784551791566860, 27, 49588, 0, 0, 5
1621784551805095675, 27, 49588, 0, 0, 5
1621784551815684545, 27, 49588, 0, 0, 5
1621784551828322887, 27, 49588, 0, 0, 5
1621784551838856744, 27, 49588, 0, 0, 5
1621784551851530923, 27, 49491, 0, 0, 5
1621784551865165807, 27, 49491, 0, 0, 5
1621784551875745801, 27, 49588, 0, 0, 5
1621784551888397337, 27, 49588, 0, 0, 5
1621784551915904843, 27, 49588, 0, 0, 5
1621784552009484601, 27, 49588, 0, 0, 5
1621784552020136179, 27, 49491, 0, 0, 5
1621784552032813163, 27, 49491, 0, 0, 5
1621784552045545241, 27, 49491, 0, 0, 5
1621784552056143058, 27, 49490, 0, 0, 5
1621784552068731716, 27, 49490, 0, 0, 5
1621784552079264160, 27, 49491, 0, 0, 5
1621784552091847809, 27, 49490, 0, 0, 5
1621784552105722535, 27, 49490, 0, 0, 5
1621784552116313249, 27, 49588, 0, 0, 5
1621784552128907987, 27, 49588, 0, 0, 5
1621784552139445230, 27, 49500, 0, 0, 5
1621784552152368357, 27, 49588, 0, 0, 5
1621784552165764434, 27, 49588, 0, 0, 5
1621784552176313499, 27, 49491, 0, 0, 5
1621784552188902819, 27, 49491, 0, 0, 5
1621784552199484235, 27, 49491, 0, 0, 5
1621784552212096806, 27, 49491, 0, 0, 5
1621784552225779622, 27, 49491, 0, 0, 5
1621784552236323277, 27, 49393, 0, 0, 5
1621784552248938195, 27, 49393, 0, 0, 5
1621784552259475368, 27, 49499, 0, 0, 5
1621784552272108510, 27, 49500, 0, 0, 5
1621784552285808757, 27, 49500, 0, 0, 5
1621784552296348225, 27, 49500, 0, 0, 5
1621784552308960949, 27, 49500, 0, 0, 5
1621784552319500575, 27, 49490, 0, 0, 5
1621784552332143455, 27, 49490, 0, 0, 5
1621784552345864683, 27, 49490, 0, 0, 5
1621784552356414850, 27, 49490, 0, 0, 5
1621784552369128834, 27, 49490, 0, 0, 5
1621784552379713226, 27, 49393, 0, 0, 5
1621784552392308516, 27, 49491, 0, 0, 5
1621784552406098302, 27, 49491, 0, 0, 5
1621784552416636666, 27, 49393, 0, 0, 5
1621784552429245963, 27, 49393, 0, 0, 5
1621784552439797564, 27, 49393, 0, 0, 5
1621784552452418413, 27, 49490, 0, 0, 5
1621784552466135072, 27, 49490, 0, 0, 5
1621784552476674729, 27, 49490, 0, 0, 5
1621784552489265330, 27, 49490, 0, 0, 5
1621784552500303235, 27, 49402, 0, 0, 5
1621784552512918644, 27, 49500, 0, 0, 5
1621784552526701115, 27, 49500, 0, 0, 5
1621784552537265720, 27, 49490, 0, 0, 5
1621784552549964455, 27, 49490, 0, 0, 5
1621784552577838269, 27, 49393, 0, 0, 5
