1621695812738746185, 22, 24730, 0, 0, 0
1621695812758502787, 22, 24737, 0, 0, 0
1621695812778410994, 22, 24737, 0, 0, 0
1621695812798665180, 22, 24737, 0, 0, 0
1621695812819056684, 22, 24737, 0, 0, 0
1621695812840127615, 22, 24737, 0, 0, 0
1621695812859198379, 22, 24737, 0, 0, 0
1621695812887083630, 22, 24834, 0, 0, 0
1621695812900052802, 22, 24737, 0, 0, 0
1621695812920105399, 22, 29909, 0, 0, 0
1621695812945546029, 22, 33221, 0, 0, 0
1621695812958291470, 22, 33221, 0, 0, 0
1621695812968847118, 22, 34785, 0, 0, 0
1621695812982085075, 22, 35654, 0, 0, 0
1621695812997395796, 22, 35654, 18, 1, 0
1621695813008469247, 22, 36239, 18, 1, 0
1621695813021146420, 22, 36337, 18, 1, 0
1621695813040323012, 22, 36337, 18, 1, 0
1621695813050895843, 22, 36337, 18, 1, 0
1621695813063513475, 22, 36337, 18, 1, 0
1621695813078553677, 22, 36337, 18, 1, 0
1621695813089117290, 22, 36337, 18, 1, 0
1621695813101754819, 22, 36337, 18, 1, 0
1621695813117494565, 22, 36337, 18, 1, 0
1621695813128057798, 22, 36239, 18, 1, 0
1621695813140755550, 22, 36239, 18, 1, 0
1621695813151326577, 22, 36435, 18, 1, 0
1621695813163961401, 22, 36331, 100, 5, 0
1621695813181592249, 22, 36331, 100, 5, 0
1621695813192223099, 22, 39937, 100, 5, 0
1621695813204863203, 22, 40329, 100, 5, 0
1621695813218519105, 22, 40329, 100, 5, 0
1621695813229073441, 22, 40621, 100, 5, 0
1621695813241742940, 23, 40621, 100, 5, 0
1621695813252302014, 23, 40621, 100, 5, 0
1621695813264919245, 23, 40621, 100, 5, 0
1621695813279547654, 22, 40621, 100, 5, 0
1621695813290102942, 22, 40621, 100, 5, 0
1621695813302743336, 23, 40621, 100, 5, 0
1621695813313310195, 23, 40608, 100, 5, 0
1621695813326010011, 23, 40608, 100, 5, 0
1621695813342384700, 23, 40608, 100, 4, 0
1621695813353029867, 23, 45196, 100, 4, 0
1621695813365652468, 23, 46660, 100, 4, 0
1621695813380708750, 23, 46660, 100, 4, 2
1621695813391488800, 23, 88410, 100, 4, 2
1621695813404102654, 23, 88410, 100, 4, 2
1621695813414675034, 23, 71455, 100, 4, 2
1621695813427376974, 23, 60296, 100, 4, 2
1621695813443655993, 23, 60296, 100, 4, 2
1621695813454267186, 23, 56978, 100, 4, 2
1621695813466905617, 23, 54850, 100, 4, 2
1621695813482136658, 23, 54850, 100, 4, 2
1621695813492704669, 23, 50271, 100, 4, 2
1621695813505364990, 23, 130944, 100, 10, 3
1621695813531796701, 23, 130944, 100, 10, 3
1621695813542403355, 24, 196681, 100, 10, 3
1621695813555077212, 24, 205568, 100, 10, 3
1621695813569176547, 25, 205568, 100, 10, 3
1621695813579742044, 25, 208724, 100, 10, 3
1621695813592365777, 25, 208724, 100, 10, 3
1621695813602926836, 25, 209498, 100, 10, 3
1621695813615565878, 25, 210174, 100, 10, 3
1621695813629461710, 26, 210174, 100, 10, 3
1621695813640020735, 26, 210368, 100, 10, 3
1621695813652666349, 26, 210368, 100, 10, 3
1621695813663223921, 26, 210435, 100, 10, 3
1621695813675850339, 26, 210242, 100, 8, 3
1621695813690408075, 26, 210242, 100, 8, 3
1621695813700978341, 26, 210657, 100, 8, 3
1621695813713611541, 26, 210657, 100, 8, 3
1621695813724170215, 26, 210851, 100, 8, 3
1621695813736878467, 26, 210560, 100, 8, 3
1621695813752663358, 27, 210560, 100, 8, 3
1621695813763222363, 27, 210851, 100, 8, 3
1621695813775834835, 27, 211430, 100, 8, 3
1621695813791298622, 27, 211430, 100, 8, 3
1621695813801856194, 27, 211430, 100, 8, 3
1621695813814494074, 27, 211430, 100, 8, 3
1621695813825095659, 27, 211430, 100, 8, 3
1621695813837783843, 27, 211596, 100, 8, 3
1621695813853992680, 27, 211596, 100, 8, 3
1621695813864560512, 27, 211693, 100, 8, 3
1621695813877199083, 27, 211402, 100, 8, 3
1621695813892603940, 27, 211402, 100, 8, 3
1621695813903172502, 28, 211402, 100, 8, 3
1621695813915801535, 28, 211402, 100, 8, 3
1621695813926366260, 28, 211596, 100, 8, 3
1621695813939079391, 28, 211885, 100, 8, 3
1621695813955034492, 28, 211885, 100, 8, 3
1621695813965592575, 28, 211885, 100, 8, 3
1621695813978203264, 28, 211885, 100, 8, 3
1621695813993630142, 28, 211885, 100, 8, 3
1621695814004199857, 28, 212079, 100, 8, 3
1621695814016839740, 28, 212079, 100, 8, 3
1621695814027557614, 28, 212273, 100, 8, 3
1621695814040506207, 28, 212176, 100, 8, 3
1621695814055982127, 28, 212176, 100, 8, 3
1621695814066583482, 28, 211982, 100, 8, 3
1621695814079192467, 28, 212273, 100, 8, 3
1621695814094799384, 28, 212273, 100, 8, 3
1621695814105357848, 28, 212465, 100, 8, 3
1621695814117972213, 28, 212465, 100, 8, 3
1621695814128531267, 28, 212369, 100, 8, 3
1621695814141522571, 28, 211885, 100, 8, 3
1621695814157314245, 28, 211885, 100, 8, 3
1621695814167872388, 29, 211789, 100, 8, 3
1621695814180532920, 29, 212175, 100, 8, 3
1621695814195841807, 29, 212175, 100, 9, 3
1621695814206425448, 29, 212397, 100, 9, 3
1621695814219087212, 29, 212397, 100, 9, 3
1621695814229648521, 29, 211913, 100, 9, 3
1621695814242381309, 29, 211788, 100, 9, 3
1621695814258566382, 29, 211788, 100, 9, 3
1621695814269124605, 29, 211982, 100, 9, 3
1621695814281788403, 29, 212300, 100, 9, 3
1621695814305005035, 29, 211982, 100, 9, 3
1621695814321836352, 29, 211982, 100, 9, 3
1621695814332922376, 29, 211692, 100, 9, 3
1621695814345566257, 29, 212175, 100, 9, 3
1621695814361772770, 29, 212175, 100, 10, 3
1621695814373252224, 29, 212299, 100, 10, 3
1621695814385888721, 29, 212175, 100, 10, 3
1621695814400200675, 29, 212175, 100, 10, 3
1621695814410760481, 29, 212174, 100, 10, 3
1621695814423390436, 29, 212174, 100, 10, 3
1621695814433954219, 29, 212203, 100, 10, 3
1621695814446557945, 29, 212203, 100, 10, 3
1621695814463049824, 29, 212203, 100, 10, 3
1621695814473614238, 29, 212174, 100, 10, 3
1621695814486230127, 29, 212589, 100, 10, 3
1621695814501759128, 29, 212589, 100, 10, 3
1621695814512315367, 29, 212367, 100, 10, 3
1621695814524962494, 29, 212367, 100, 10, 3
1621695814535527860, 29, 212465, 100, 10, 3
1621695814548162564, 29, 212562, 100, 10, 3
1621695814564548764, 30, 212562, 100, 10, 3
1621695814575117407, 30, 212755, 100, 10, 3
1621695814587733496, 30, 212299, 100, 10, 3
1621695814603085504, 30, 212299, 100, 10, 3
1621695814614460331, 30, 212271, 100, 10, 3
1621695814627073264, 30, 212271, 100, 10, 3
1621695814637646355, 30, 212465, 100, 10, 3
1621695814650279836, 30, 212852, 100, 10, 3
1621695814665677340, 30, 212852, 100, 10, 3
1621695814676238688, 30, 212783, 100, 10, 3
1621695814688873082, 30, 212687, 100, 10, 3
1621695814704435675, 30, 212687, 100, 10, 3
1621695814715042420, 30, 212948, 100, 10, 3
1621695814727699515, 30, 212948, 100, 10, 3
1621695814738282605, 30, 213335, 100, 10, 3
1621695814750895668, 30, 212851, 100, 10, 3
1621695814766637648, 30, 212851, 100, 10, 3
1621695814777206802, 30, 212755, 100, 10, 3
1621695814789815427, 30, 212755, 100, 10, 3
1621695814800435576, 30, 212851, 100, 10, 3
1621695814813089496, 30, 212754, 100, 10, 3
1621695814825744858, 30, 212754, 100, 10, 3
1621695814836308261, 30, 212754, 100, 10, 3
1621695814848941071, 30, 212754, 100, 10, 3
1621695814859532427, 30, 212851, 100, 10, 3
1621695814872182439, 30, 213044, 100, 10, 3
1621695814886562151, 30, 213044, 100, 10, 3
1621695814897140412, 30, 212947, 100, 10, 3
1621695814909749096, 30, 212947, 100, 10, 3
1621695814920359427, 30, 213141, 100, 10, 3
1621695814932985174, 30, 213238, 100, 10, 3
1621695814946695288, 30, 213238, 100, 10, 3
1621695814957265674, 30, 212755, 100, 10, 3
1621695814969924102, 30, 212755, 100, 10, 3
1621695814980487315, 30, 212755, 100, 10, 3
1621695814993116067, 30, 212851, 100, 10, 3
1621695815007773340, 30, 212851, 100, 10, 3
1621695815018342594, 30, 212948, 100, 10, 3
1621695815030975785, 30, 212948, 100, 10, 3
1621695815041536823, 30, 213142, 100, 10, 3
1621695815054169573, 30, 213045, 100, 10, 3
1621695815070735241, 30, 213045, 100, 10, 3
1621695815081345932, 30, 213238, 100, 10, 3
1621695815093959166, 30, 213527, 100, 10, 3
1621695815109440977, 30, 213527, 100, 10, 3
1621695815120000884, 30, 213335, 100, 10, 3
1621695815132611312, 31, 213335, 100, 10, 3
1621695815143170647, 31, 213044, 100, 10, 3
1621695815155785333, 31, 213140, 100, 10, 3
1621695815172747295, 31, 213140, 100, 10, 3
1621695815183312702, 31, 213237, 100, 10, 3
1621695815195924523, 31, 213334, 100, 10, 3
1621695815210695840, 31, 213334, 100, 10, 3
1621695815221308014, 31, 213333, 100, 10, 3
1621695815233959038, 31, 213333, 100, 10, 3
1621695815244526609, 31, 213333, 100, 10, 3
1621695815257141295, 31, 213527, 100, 10, 3
1621695815274704778, 31, 213527, 100, 10, 3
1621695815285320819, 31, 213587, 100, 10, 3
1621695815297952086, 31, 213297, 100, 10, 3
1621695815312882632, 31, 213297, 100, 10, 3
1621695815323473817, 31, 213333, 100, 10, 3
1621695815336112288, 31, 213333, 100, 10, 3
1621695815346703774, 31, 213430, 100, 10, 3
1621695815359341032, 31, 213624, 100, 10, 3
1621695815377036001, 31, 213624, 100, 10, 3
1621695815387601759, 31, 213527, 100, 10, 3
1621695815400222416, 31, 213527, 100, 10, 3
1621695815415071669, 31, 213527, 100, 10, 3
1621695815425666331, 31, 213527, 100, 10, 3
1621695815438278823, 31, 213527, 100, 10, 3
1621695815448843799, 31, 213624, 100, 10, 3
1621695815461476759, 31, 213720, 100, 10, 3
1621695815478718447, 31, 213720, 100, 10, 3
1621695815489280147, 31, 213527, 100, 10, 3
1621695815501917775, 31, 213527, 100, 10, 3
1621695815516855976, 31, 213527, 100, 10, 3
1621695815527425881, 31, 213527, 100, 10, 3
1621695815540080583, 31, 213527, 100, 10, 3
1621695815550641400, 31, 213624, 100, 11, 3
1621695815563294990, 31, 213587, 100, 11, 3
1621695815581178042, 31, 213587, 100, 11, 3
1621695815591790217, 31, 213624, 100, 11, 3
1621695815604428156, 31, 213720, 100, 11, 3
1621695815619138729, 31, 213720, 100, 11, 3
1621695815629743690, 31, 213720, 100, 11, 3
1621695815642380848, 31, 213720, 100, 11, 3
1621695815652997521, 31, 213817, 100, 11, 3
1621695815665618379, 31, 213624, 100, 11, 3
1621695815682430520, 31, 213624, 100, 11, 3
1621695815693016034, 31, 213430, 100, 11, 3
1621695815705658913, 31, 213624, 100, 11, 3
1621695815720866540, 31, 213624, 100, 10, 3
1621695815731461061, 31, 213720, 100, 10, 3
1621695815744079564, 31, 213720, 100, 10, 3
1621695815754655120, 31, 213624, 100, 10, 3
1621695815767272010, 31, 213527, 100, 10, 3
1621695815784475306, 31, 213527, 100, 10, 3
1621695815795081219, 31, 213652, 100, 10, 3
1621695815807716193, 31, 213914, 100, 10, 3
1621695815822633344, 31, 213914, 100, 10, 3
1621695815833194262, 31, 213914, 100, 10, 3
1621695815845831991, 31, 213914, 100, 10, 3
1621695815856393000, 31, 213527, 100, 10, 3
1621695815869003598, 31, 213431, 100, 10, 3
1621695815886447005, 31, 213431, 100, 11, 3
1621695815897011931, 31, 213624, 100, 11, 3
1621695815909633680, 31, 213624, 100, 11, 3
1621695815924766606, 31, 213624, 100, 11, 3
1621695815935331522, 31, 213528, 100, 11, 3
1621695815947951628, 31, 213528, 100, 11, 3
1621695815958506024, 31, 213527, 100, 11, 3
1621695815971151999, 32, 213720, 100, 11, 3
1621695815988952827, 32, 213720, 100, 11, 3
1621695815999519927, 31, 213914, 100, 11, 3
1621695816012168597, 31, 213914, 100, 11, 3
1621695816026833383, 32, 213914, 100, 11, 3
1621695816037392538, 32, 213624, 100, 11, 3
1621695816050024717, 32, 213624, 100, 11, 3
1621695816060584794, 32, 213587, 100, 11, 3
1621695816073226471, 32, 213624, 100, 11, 3
1621695816090736943, 32, 213624, 100, 11, 3
1621695816101360960, 32, 213817, 100, 11, 3
1621695816114040818, 32, 213914, 100, 11, 3
1621695816129109374, 32, 213914, 100, 11, 3
1621695816139674921, 32, 213780, 100, 11, 3
1621695816152330704, 32, 213780, 100, 11, 3
1621695816162899978, 32, 214069, 100, 11, 3
1621695816175569286, 32, 214397, 100, 11, 3
1621695816192194546, 32, 214397, 100, 11, 3
1621695816202760083, 32, 214166, 100, 11, 3
1621695816215424403, 32, 213780, 100, 11, 3
1621695816230575162, 32, 213780, 100, 11, 3
1621695816241138265, 32, 213876, 100, 11, 3
1621695816253774571, 32, 213876, 100, 11, 3
1621695816264372529, 32, 214106, 100, 11, 3
1621695816277013124, 32, 214010, 100, 11, 3
1621695816293886189, 32, 214010, 100, 11, 3
1621695816304484818, 32, 213973, 100, 11, 3
1621695816317096198, 32, 214106, 100, 11, 3
1621695816332080385, 32, 214106, 100, 11, 3
1621695816342669105, 32, 214300, 100, 11, 3
1621695816355299270, 32, 214300, 100, 11, 3
1621695816365866230, 32, 214360, 100, 11, 3
1621695816378579691, 32, 214166, 100, 11, 3
1621695816395113339, 32, 214166, 100, 10, 3
1621695816405699335, 32, 213555, 100, 10, 3
1621695816418330902, 32, 213527, 100, 10, 3
1621695816433487112, 32, 213527, 100, 10, 3
1621695816444052539, 32, 213624, 100, 10, 3
1621695816456660392, 32, 213624, 100, 10, 3
1621695816467226420, 32, 213780, 100, 10, 3
1621695816479868197, 32, 213973, 100, 10, 3
1621695816496583837, 32, 213973, 100, 10, 3
1621695816507139765, 32, 213973, 100, 10, 3
1621695816520108867, 32, 214069, 100, 10, 3
1621695816535075300, 32, 214069, 100, 10, 3
1621695816545682746, 32, 214106, 100, 10, 3
1621695816558293675, 32, 214106, 100, 10, 3
1621695816568858922, 32, 213914, 100, 10, 3
1621695816581511519, 32, 213780, 100, 10, 3
1621695816597192916, 32, 213780, 100, 10, 3
1621695816607757701, 32, 213914, 100, 10, 3
1621695816620396001, 32, 213914, 100, 10, 3
1621695816630978450, 32, 214069, 100, 10, 3
1621695816643619185, 32, 213973, 100, 10, 3
1621695816656264359, 32, 213973, 100, 10, 3
1621695816666873437, 32, 214010, 100, 10, 3
1621695816679501568, 32, 214010, 100, 10, 3
1621695816690085209, 32, 213973, 100, 10, 3
1621695816702905141, 32, 214069, 100, 10, 3
1621695816717370012, 32, 214069, 100, 10, 3
1621695816727939697, 32, 214010, 100, 10, 3
1621695816740617762, 32, 214010, 100, 10, 3
1621695816751216671, 32, 213527, 100, 10, 3
1621695816763837259, 32, 213393, 100, 10, 3
1621695816777307642, 32, 213393, 100, 10, 3
1621695816787868440, 32, 213333, 100, 10, 3
1621695816800533391, 32, 213333, 100, 10, 3
1621695816811150324, 32, 213431, 100, 10, 3
1621695816823783535, 32, 213720, 100, 10, 3
1621695816838485051, 32, 213720, 100, 10, 3
1621695816849050798, 32, 213818, 100, 10, 3
1621695816861715198, 32, 213818, 100, 10, 3
1621695816872279302, 32, 213914, 100, 10, 3
1621695816884946596, 32, 214108, 100, 10, 3
1621695816900764540, 32, 214108, 100, 11, 3
1621695816911379940, 32, 214107, 100, 11, 3
1621695816924817592, 32, 214010, 100, 11, 3
1621695816939611923, 32, 214010, 100, 11, 3
1621695816950175636, 32, 213817, 100, 11, 3
1621695816962813145, 32, 213817, 100, 11, 3
1621695816973377159, 32, 214107, 100, 11, 3
1621695816986071014, 32, 214204, 100, 11, 3
1621695817002183580, 32, 214204, 100, 11, 3
1621695817012754868, 32, 213973, 100, 11, 3
1621695817025378371, 32, 213973, 100, 11, 3
1621695817040676708, 32, 213973, 100, 11, 3
1621695817051242886, 32, 214069, 100, 11, 3
1621695817065130974, 32, 214069, 100, 11, 3
1621695817075727219, 32, 214069, 100, 11, 3
1621695817088369326, 32, 214106, 100, 11, 3
1621695817103396253, 32, 214106, 100, 11, 3
1621695817113976147, 32, 214106, 100, 11, 3
1621695817126599670, 32, 213877, 100, 11, 3
1621695817142144781, 32, 213877, 100, 11, 3
1621695817152714555, 32, 213973, 100, 11, 3
1621695817165349109, 32, 213973, 100, 11, 3
1621695817175909967, 32, 214203, 100, 11, 3
1621695817188527248, 32, 214263, 100, 11, 3
1621695817204597204, 32, 214263, 100, 11, 3
1621695817215158283, 32, 214010, 100, 11, 3
1621695817227765354, 33, 214010, 100, 11, 3
1621695817243196882, 33, 214010, 100, 11, 3
1621695817253805229, 33, 214203, 100, 11, 3
1621695817266446104, 33, 214203, 100, 11, 3
1621695817277008976, 33, 214166, 100, 11, 3
1621695817289633501, 33, 214010, 100, 11, 3
1621695817305719818, 33, 214010, 100, 11, 3
1621695817316278632, 33, 213817, 100, 11, 3
1621695817328899300, 33, 213973, 100, 11, 3
1621695817344536744, 33, 213973, 100, 11, 3
1621695817355150140, 33, 214106, 100, 11, 3
1621695817367818087, 33, 214106, 100, 11, 3
1621695817378407408, 33, 214010, 100, 11, 3
1621695817391041280, 33, 213914, 100, 11, 3
1621695817407169156, 33, 213914, 100, 10, 3
1621695817418277793, 33, 214010, 100, 10, 3
1621695817430902307, 33, 214010, 100, 10, 3
1621695817445750419, 33, 214010, 100, 10, 3
1621695817456372141, 33, 214010, 100, 10, 3
1621695817469037552, 33, 214010, 100, 10, 3
1621695817479627826, 33, 213913, 100, 10, 3
1621695817492282306, 33, 213817, 100, 10, 3
1621695817508342425, 33, 213817, 100, 10, 3
1621695817519173130, 33, 213913, 100, 10, 3
1621695817532362265, 33, 214106, 100, 10, 3
1621695817547024567, 33, 214106, 100, 10, 3
1621695817557586177, 33, 214263, 100, 10, 3
1621695817570232502, 33, 214263, 100, 10, 3
1621695817580822114, 33, 214106, 100, 11, 3
1621695817593451959, 33, 214300, 100, 11, 3
1621695817608992070, 33, 214300, 100, 11, 3
1621695817619559400, 33, 214457, 100, 11, 3
1621695817632246232, 33, 214457, 100, 11, 3
1621695817647832239, 33, 214457, 100, 11, 3
1621695817658438973, 33, 214203, 100, 11, 3
1621695817671044292, 33, 214203, 100, 11, 3
1621695817681613856, 33, 214300, 100, 11, 3
1621695817694223222, 33, 214397, 100, 11, 3
1621695817709998456, 33, 214397, 100, 11, 3
1621695817720557550, 33, 214457, 100, 11, 3
1621695817733279618, 33, 214457, 100, 11, 3
1621695817743923011, 33, 214494, 100, 11, 3
1621695817756663584, 33, 214494, 100, 11, 3
1621695817769279372, 33, 214494, 100, 11, 3
1621695817779841282, 33, 214687, 100, 11, 3
1621695817792455176, 33, 214687, 100, 11, 3
1621695817803017758, 33, 214880, 100, 11, 3
1621695817815690593, 33, 214783, 100, 11, 3
1621695817830488169, 33, 214783, 100, 11, 3
1621695817841069987, 33, 214204, 100, 11, 3
1621695817853681417, 33, 214204, 100, 11, 3
1621695817864241203, 33, 214030, 100, 11, 3
1621695817876862251, 33, 214301, 100, 11, 3
1621695817890123301, 33, 214301, 100, 11, 3
1621695817900698977, 33, 214494, 100, 11, 3
1621695817913366292, 33, 214494, 100, 11, 3
1621695817923925507, 33, 214591, 100, 11, 3
1621695817936950183, 33, 214417, 100, 11, 3
1621695817951007329, 33, 214417, 100, 11, 3
1621695817961569319, 33, 214706, 100, 11, 3
1621695817974229731, 33, 214706, 100, 11, 3
1621695817984862644, 33, 214844, 100, 11, 3
1621695817997469546, 33, 214747, 100, 11, 3
1621695818012676882, 33, 214747, 100, 11, 3
1621695818023239944, 33, 214457, 100, 11, 3
1621695818035914723, 33, 214457, 100, 11, 3
1621695818046560210, 33, 214417, 100, 11, 3
1621695818059188261, 33, 214417, 100, 11, 3
1621695818071826441, 33, 214417, 100, 11, 3
1621695818082386768, 33, 214494, 100, 11, 3
1621695818095063281, 33, 214494, 100, 11, 3
1621695818106876551, 33, 214417, 100, 11, 3
1621695818119532665, 33, 214494, 100, 11, 3
1621695818132841225, 33, 214494, 100, 11, 3
1621695818143474449, 33, 214494, 100, 11, 3
1621695818156102049, 33, 214494, 100, 11, 3
1621695818166660493, 33, 214610, 100, 11, 3
1621695818179272454, 33, 214573, 100, 11, 3
1621695818192960225, 33, 214573, 100, 11, 3
1621695818203566769, 33, 214494, 100, 11, 3
1621695818216231218, 33, 214494, 100, 11, 3
1621695818227501138, 33, 214591, 100, 11, 3
1621695818240197999, 33, 214803, 100, 11, 3
1621695818253575167, 33, 214803, 100, 11, 3
1621695818264137739, 33, 214803, 100, 11, 3
1621695818276774677, 33, 214803, 100, 11, 3
1621695818293492450, 33, 214803, 100, 11, 3
1621695818304077323, 33, 214611, 100, 11, 3
1621695818316697239, 33, 214611, 100, 11, 3
1621695818327250092, 33, 214864, 100, 11, 3
1621695818340378393, 33, 214864, 100, 11, 3
1621695818354240833, 33, 214864, 100, 11, 3
1621695818364791131, 33, 214767, 100, 11, 3
1621695818377417068, 33, 214767, 100, 11, 3
1621695818388604313, 33, 214670, 100, 11, 3
1621695818401223067, 33, 214767, 100, 11, 3
1621695818415320107, 33, 214767, 100, 11, 3
1621695818425883079, 33, 214803, 100, 11, 3
1621695818438526469, 33, 214803, 100, 11, 3
1621695818449090223, 33, 214900, 100, 11, 3
1621695818461752288, 33, 214977, 100, 11, 3
1621695818474768077, 33, 214977, 100, 11, 3
1621695818485350476, 33, 214783, 100, 11, 3
1621695818497988055, 33, 214783, 100, 11, 3
1621695818508553512, 33, 214977, 100, 11, 3
1621695818521280989, 33, 215093, 100, 11, 3
1621695818534987126, 33, 215093, 100, 11, 3
1621695818545624868, 33, 215074, 100, 11, 3
1621695818558287855, 33, 215074, 100, 11, 3
1621695818568850967, 33, 214804, 100, 11, 3
1621695818581486412, 33, 214900, 100, 11, 3
1621695818595027499, 33, 214900, 100, 11, 3
1621695818605626749, 33, 215056, 100, 11, 3
1621695818618256403, 33, 215056, 100, 11, 3
1621695818628849061, 33, 214960, 100, 11, 3
1621695818641483765, 33, 214864, 100, 11, 3
1621695818655416466, 33, 214864, 100, 11, 3
1621695818665999536, 33, 214900, 100, 11, 3
1621695818678626194, 33, 214900, 100, 11, 3
1621695818689520759, 33, 215074, 100, 11, 3
1621695818702175971, 33, 214900, 100, 11, 3
1621695818715750240, 33, 214900, 100, 11, 3
1621695818726360781, 33, 214997, 100, 11, 3
1621695818739007638, 33, 214997, 100, 11, 3
1621695818749643868, 34, 214941, 100, 11, 3
1621695818762258033, 34, 214650, 100, 11, 3
1621695818775644579, 34, 214650, 100, 11, 3
1621695818786238860, 34, 214880, 100, 11, 3
1621695818798852293, 34, 214880, 100, 11, 3
1621695818809423421, 34, 215037, 100, 11, 3
1621695818822078392, 34, 214864, 100, 11, 3
1621695818835701873, 34, 214864, 100, 11, 3
1621695818846284813, 34, 214864, 100, 11, 3
1621695818858972546, 34, 214864, 100, 11, 3
1621695818869537823, 34, 214960, 100, 11, 3
1621695818882193776, 34, 215250, 100, 11, 3
1621695818895785117, 34, 215250, 100, 11, 3
1621695818906373466, 34, 215056, 100, 11, 3
1621695818919029881, 34, 215056, 100, 11, 3
1621695818929596560, 34, 214611, 100, 11, 3
1621695818942562866, 34, 214803, 100, 11, 3
1621695818956384450, 34, 214803, 100, 11, 3
1621695818966993638, 34, 214900, 100, 11, 3
1621695818979636618, 34, 214900, 100, 11, 3
1621695818990194220, 34, 214996, 100, 11, 3
1621695819002826789, 34, 215190, 100, 11, 3
1621695819016188008, 34, 215190, 100, 11, 3
1621695819026778642, 34, 215153, 100, 11, 3
1621695819039423234, 34, 215153, 100, 11, 3
1621695819050031361, 34, 215287, 100, 11, 3
1621695819062719134, 34, 215346, 100, 11, 3
1621695819076235093, 34, 215346, 100, 11, 3
1621695819086824044, 34, 215346, 100, 11, 3
1621695819099445853, 34, 215346, 100, 11, 3
1621695819110142596, 34, 214864, 100, 11, 3
1621695819122804191, 34, 214900, 100, 11, 3
1621695819136202549, 34, 214900, 100, 11, 3
1621695819146763858, 34, 215056, 100, 11, 3
1621695819159706831, 34, 215056, 100, 11, 3
1621695819170267358, 34, 215250, 100, 11, 3
1621695819182874620, 34, 215250, 100, 11, 3
1621695819196274762, 34, 215250, 100, 11, 3
1621695819206832574, 34, 215287, 100, 11, 3
1621695819219478138, 34, 215287, 100, 11, 3
1621695819230080133, 34, 215346, 100, 11, 3
1621695819242690221, 34, 215480, 100, 11, 3
1621695819256350331, 34, 215480, 100, 11, 3
1621695819266912321, 34, 215364, 100, 11, 3
1621695819279542737, 34, 215364, 100, 11, 3
1621695819290135805, 34, 214301, 100, 11, 3
1621695819302769557, 34, 214397, 100, 11, 3
1621695819316500349, 34, 214397, 100, 11, 3
1621695819327058362, 34, 214397, 100, 11, 3
1621695819339674972, 34, 214397, 100, 11, 3
1621695819351863547, 34, 214457, 100, 11, 3
1621695819367856930, 34, 214650, 100, 11, 3
1621695819382436457, 34, 214650, 100, 11, 3
1621695819393025989, 34, 214590, 100, 11, 3
1621695819405671172, 34, 214707, 100, 11, 3
1621695819420271989, 34, 214707, 100, 11, 3
1621695819431377871, 34, 214844, 100, 11, 3
1621695819444028234, 34, 214844, 100, 11, 3
1621695819454619900, 34, 214844, 100, 11, 3
1621695819467494735, 34, 214514, 100, 11, 3
1621695819480306060, 34, 214514, 100, 11, 3
1621695819491866626, 34, 214706, 100, 11, 3
1621695819504499968, 34, 214706, 100, 11, 3
1621695819515364326, 34, 215074, 100, 11, 3
1621695819527979813, 34, 215093, 100, 11, 3
1621695819540626028, 34, 215093, 100, 11, 3
1621695819551806280, 34, 214900, 100, 11, 3
1621695819569069939, 34, 214977, 100, 11, 3
1621695819586777151, 34, 214977, 100, 11, 3
1621695819597344040, 34, 215074, 100, 11, 3
1621695819609986098, 34, 215134, 100, 11, 3
1621695819624488520, 34, 215134, 100, 11, 3
1621695819635054447, 34, 214977, 100, 11, 3
1621695819647687849, 34, 214977, 100, 11, 3
1621695819658246493, 34, 214706, 100, 11, 3
1621695819671114074, 34, 214706, 100, 11, 3
1621695819684508485, 34, 214706, 100, 11, 3
1621695819695073961, 34, 214996, 100, 11, 3
1621695819707727200, 34, 214996, 100, 11, 3
1621695819718323134, 34, 214960, 100, 11, 3
1621695819730953720, 34, 215056, 100, 11, 3
1621695819744471843, 34, 215056, 100, 11, 3
1621695819755061174, 34, 215153, 100, 11, 3
1621695819767671462, 34, 215153, 100, 11, 3
1621695819778245495, 34, 215250, 100, 11, 3
1621695819790869388, 34, 215443, 100, 11, 3
1621695819804535269, 34, 215443, 100, 11, 3
1621695819815103320, 34, 215443, 100, 11, 3
1621695819827774062, 34, 215443, 100, 11, 3
1621695819838357913, 34, 215153, 100, 11, 3
1621695819850978470, 34, 215190, 100, 11, 3
1621695819864649991, 34, 215190, 100, 11, 3
1621695819875601503, 34, 215347, 100, 11, 3
1621695819888260473, 34, 215347, 100, 11, 3
1621695819898874180, 34, 215327, 100, 11, 3
1621695819911488064, 34, 215134, 100, 11, 3
1621695819924871505, 34, 215134, 100, 11, 3
1621695819935470434, 34, 215056, 100, 11, 3
1621695819948100980, 34, 215056, 100, 11, 3
1621695819958668651, 34, 215383, 100, 11, 3
1621695819971278358, 34, 215250, 100, 11, 3
1621695819984926565, 34, 215250, 100, 11, 3
1621695819995499075, 34, 215093, 100, 11, 3
1621695820008143697, 34, 215093, 100, 11, 3
1621695820018885094, 34, 215056, 100, 11, 3
1621695820031540386, 34, 214960, 100, 11, 3
1621695820044907807, 34, 214960, 100, 11, 3
1621695820055496757, 34, 215057, 100, 11, 3
1621695820068122805, 34, 215057, 100, 11, 3
1621695820078703059, 34, 215346, 100, 11, 3
1621695820091399820, 34, 215249, 100, 11, 3
1621695820104987534, 34, 215249, 100, 11, 3
1621695820115574491, 34, 215057, 100, 11, 3
1621695820128243789, 34, 215057, 100, 11, 3
1621695820138858018, 34, 215250, 100, 11, 3
1621695820151796201, 34, 215346, 100, 11, 3
1621695820165192696, 34, 215346, 100, 11, 3
1621695820175758553, 34, 215327, 100, 11, 3
1621695820188434354, 34, 215327, 100, 11, 3
1621695820199025890, 34, 215135, 100, 11, 3
1621695820211659491, 34, 215230, 100, 11, 3
1621695820225337936, 34, 215230, 100, 11, 3
1621695820235898323, 34, 215383, 100, 11, 3
1621695820248536894, 34, 215383, 100, 11, 3
1621695820259130263, 34, 215286, 100, 11, 3
1621695820271790074, 34, 215382, 100, 11, 3
1621695820285756960, 34, 215382, 100, 11, 3
1621695820296321325, 34, 215383, 100, 11, 3
1621695820308962080, 34, 215383, 100, 11, 3
1621695820320449017, 34, 215540, 100, 11, 3
1621695820333117354, 34, 215576, 100, 11, 3
1621695820346096565, 34, 215576, 100, 11, 3
1621695820356720611, 34, 215576, 100, 11, 3
1621695820369331661, 34, 215576, 100, 11, 3
1621695820379942182, 34, 215267, 100, 11, 3
1621695820392627811, 34, 215364, 100, 11, 3
1621695820406237186, 34, 215364, 100, 11, 3
1621695820416868136, 34, 215557, 100, 11, 3
1621695820429533717, 34, 215557, 100, 11, 3
1621695820440139950, 34, 215540, 100, 11, 3
1621695820452782258, 34, 215576, 100, 11, 3
1621695820466214460, 35, 215576, 100, 11, 3
1621695820476831083, 35, 215617, 100, 11, 3
1621695820490077997, 35, 215617, 100, 11, 3
1621695820500640839, 35, 215734, 100, 11, 3
1621695820513254863, 35, 215770, 100, 11, 3
1621695820526540720, 35, 215770, 100, 11, 3
1621695820537110916, 35, 215673, 100, 11, 3
1621695820550211735, 35, 215673, 100, 11, 3
1621695820560774577, 35, 215190, 100, 11, 3
1621695820573385305, 35, 215383, 100, 11, 3
1621695820586458623, 35, 215383, 100, 11, 3
1621695820597028468, 35, 215540, 100, 11, 3
1621695820609697416, 35, 215540, 100, 11, 3
1621695820620332894, 35, 215383, 100, 11, 3
1621695820632973669, 35, 215383, 100, 11, 3
1621695820646564369, 35, 215383, 100, 11, 3
1621695820657175491, 35, 215461, 100, 11, 3
1621695820669782723, 35, 215461, 100, 11, 3
1621695820680344523, 35, 215653, 100, 11, 3
1621695820693012399, 35, 215576, 100, 11, 3
1621695820706753872, 35, 215576, 100, 11, 3
1621695820717366768, 35, 215480, 100, 11, 3
1621695820730002102, 35, 215480, 100, 11, 3
1621695820740608767, 35, 215171, 100, 11, 3
1621695820753601112, 35, 214996, 100, 11, 3
1621695820766834771, 35, 214996, 100, 11, 3
1621695820777398524, 35, 215250, 100, 11, 3
1621695820790059016, 35, 215250, 100, 11, 3
1621695820800610887, 35, 215346, 100, 11, 3
1621695820813265959, 35, 215443, 100, 11, 3
1621695820826956406, 35, 215443, 100, 11, 3
1621695820837512014, 35, 215443, 100, 11, 3
1621695820850173097, 35, 215443, 100, 11, 3
1621695820860778970, 35, 215637, 100, 11, 3
1621695820873405859, 35, 215637, 100, 11, 3
1621695820886841768, 35, 215637, 100, 11, 3
1621695820897413667, 35, 215479, 100, 11, 3
1621695820910066044, 35, 215479, 100, 11, 3
1621695820920685472, 35, 215190, 100, 11, 3
1621695820933376792, 35, 215190, 100, 11, 3
1621695820947133052, 35, 215190, 100, 11, 3
1621695820957741640, 35, 215461, 100, 11, 3
1621695820970360013, 35, 215461, 100, 11, 3
1621695820980927664, 35, 215557, 100, 11, 3
1621695820993561626, 35, 215443, 100, 11, 3
1621695821007142777, 35, 215443, 100, 11, 3
1621695821017704156, 35, 215479, 100, 11, 3
1621695821030361062, 35, 215479, 100, 11, 3
1621695821040931177, 35, 215540, 100, 11, 3
1621695821053600476, 35, 215750, 100, 11, 3
1621695821067110213, 35, 215750, 100, 11, 3
1621695821077677573, 35, 215637, 100, 11, 3
1621695821090303751, 35, 215637, 100, 11, 3
1621695821100872424, 35, 215443, 100, 11, 3
1621695821113696002, 35, 215576, 100, 11, 3
1621695821127368405, 35, 215576, 100, 11, 3
1621695821137927931, 35, 215733, 100, 11, 3
1621695821150546624, 35, 215733, 100, 11, 3
1621695821161106841, 35, 215636, 100, 11, 3
1621695821173735494, 35, 215636, 100, 11, 3
1621695821187328257, 35, 215636, 100, 11, 3
1621695821197879737, 35, 215733, 100, 11, 3
1621695821210542233, 35, 215733, 100, 11, 3
1621695821221666449, 35, 216022, 100, 11, 3
1621695821234321631, 35, 215925, 100, 11, 3
1621695821247555080, 35, 215925, 100, 11, 3
1621695821258118663, 35, 215829, 100, 11, 3
1621695821270764988, 35, 215829, 100, 11, 3
1621695821281335855, 35, 215732, 100, 11, 3
1621695821293964908, 35, 215616, 100, 11, 3
1621695821307754301, 35, 215616, 100, 11, 3
1621695821318317043, 35, 215829, 100, 11, 3
1621695821330952909, 35, 215829, 100, 11, 3
1621695821341518986, 35, 216022, 100, 11, 3
1621695821354204285, 35, 215829, 100, 11, 3
1621695821367718160, 35, 215829, 100, 11, 3
1621695821378276013, 35, 215906, 100, 11, 3
1621695821390889326, 35, 215906, 100, 11, 3
1621695821401456086, 35, 216002, 100, 11, 3
1621695821414140983, 35, 216022, 100, 11, 3
1621695821427879129, 35, 216022, 100, 11, 3
1621695821438443113, 35, 215926, 100, 11, 3
1621695821451087425, 35, 215926, 100, 11, 3
1621695821461655036, 35, 215733, 100, 11, 3
1621695821474314857, 35, 215927, 100, 11, 3
1621695821487800018, 35, 215927, 100, 11, 3
1621695821498402845, 35, 216023, 100, 11, 3
1621695821511015708, 35, 216023, 100, 11, 3
1621695821522862491, 35, 216120, 100, 11, 3
1621695821535543191, 35, 216023, 100, 11, 3
1621695821548181532, 35, 216023, 100, 11, 3
1621695821558834242, 35, 215926, 100, 11, 3
1621695821571447416, 35, 215926, 100, 11, 3
1621695821582016499, 35, 216003, 100, 11, 3
1621695821594672703, 35, 216023, 100, 11, 3
1621695821608220482, 35, 216023, 100, 11, 3
1621695821618790437, 35, 216023, 100, 11, 3
1621695821631423187, 35, 216023, 100, 11, 3
1621695821641993663, 35, 215907, 100, 11, 3
1621695821654606716, 35, 215907, 100, 11, 3
1621695821668330726, 35, 215907, 100, 11, 3
1621695821678893077, 35, 215926, 100, 11, 3
1621695821691503695, 35, 215926, 100, 11, 3
1621695821702074622, 35, 202643, 100, 11, 3
1621695821714706611, 35, 159422, 100, 11, 3
1621695821728532202, 35, 159422, 100, 11, 3
1621695821739089343, 35, 120514, 100, 11, 3
1621695821751726531, 34, 120514, 100, 11, 3
1621695821762297057, 34, 89791, 100, 11, 4
1621695821774953772, 33, 65911, 98, 10, 4
1621695821788856007, 33, 65911, 98, 10, 4
1621695821800053571, 33, 55515, 98, 10, 4
1621695821812875667, 33, 55515, 98, 10, 4
1621695821823610411, 33, 53662, 98, 10, 4
1621695821836398503, 33, 53369, 98, 10, 4
1621695821849095974, 33, 53369, 98, 10, 4
1621695821859759285, 33, 53370, 98, 10, 4
1621695821872449864, 32, 53370, 98, 10, 4
1621695821883187764, 32, 53272, 98, 10, 4
1621695821896063220, 32, 53272, 98, 10, 4
1621695821908778425, 32, 53272, 98, 10, 5
1621695821919339874, 32, 52996, 98, 10, 5
1621695821931980429, 32, 52996, 98, 10, 5
1621695821942548280, 32, 52801, 24, 0, 5
1621695821955235733, 32, 52907, 24, 0, 5
1621695821968946057, 32, 52907, 24, 0, 5
1621695821979505202, 32, 52899, 24, 0, 5
1621695821992135889, 32, 52899, 24, 0, 5
1621695822002699582, 32, 52801, 24, 0, 5
1621695822015308878, 31, 52613, 24, 0, 5
1621695822029544668, 31, 52613, 24, 0, 5
1621695822040108562, 31, 52613, 24, 0, 5
1621695822052762351, 31, 52613, 24, 0, 5
1621695822063337045, 31, 52605, 24, 0, 5
1621695822075946983, 31, 52605, 24, 0, 5
1621695822089151297, 31, 52605, 24, 0, 5
1621695822100759922, 31, 52613, 24, 0, 5
1621695822113395789, 31, 52613, 0, 0, 5
1621695822124020758, 31, 52516, 0, 0, 5
1621695822136690847, 31, 52605, 0, 0, 5
1621695822149333286, 31, 52605, 0, 0, 5
1621695822159893212, 31, 52508, 0, 0, 5
1621695822172555567, 31, 52508, 0, 0, 5
1621695822183164436, 31, 52508, 0, 0, 5
1621695822195808747, 31, 52516, 0, 0, 5
1621695822209297836, 31, 52516, 0, 0, 5
1621695822219857832, 31, 52516, 0, 0, 5
1621695822232868883, 31, 52516, 0, 0, 5
1621695822243481558, 31, 52419, 0, 0, 5
1621695822256160084, 31, 52508, 0, 0, 5
1621695822269448956, 31, 52508, 0, 0, 5
1621695822280003683, 31, 52419, 0, 0, 5
1621695822292617298, 30, 52419, 0, 0, 5
1621695822303174169, 30, 52516, 0, 0, 5
1621695822315784096, 30, 52419, 0, 0, 5
1621695822329574128, 30, 52419, 0, 0, 5
1621695822340132442, 30, 52418, 0, 0, 5
1621695822352734524, 30, 52418, 0, 0, 5
1621695822363291195, 30, 52321, 0, 0, 5
1621695822375950494, 30, 52321, 0, 0, 5
1621695822389594964, 30, 52321, 0, 0, 5
1621695822400175370, 30, 52321, 0, 0, 5
1621695822412782803, 30, 52321, 0, 0, 5
1621695822424207773, 30, 52313, 0, 0, 5
1621695822437066077, 30, 52321, 0, 0, 5
1621695822450016663, 30, 52321, 0, 0, 5
1621695822460571841, 30, 52321, 0, 0, 5
1621695822473185346, 30, 52321, 0, 0, 5
1621695822483750211, 30, 52321, 0, 0, 5
1621695822496397649, 30, 52313, 0, 0, 5
1621695822509799804, 30, 52313, 0, 0, 5
1621695822520359089, 30, 52224, 0, 0, 5
1621695822533013931, 30, 52224, 0, 0, 5
1621695822543572113, 30, 52224, 0, 0, 5
1621695822556259025, 30, 52224, 0, 0, 5
1621695822569945544, 30, 52224, 0, 0, 5
1621695822580519317, 30, 52224, 0, 0, 5
1621695822593147237, 30, 52224, 0, 0, 5
1621695822603705120, 30, 52216, 0, 0, 5
1621695822616337710, 30, 52224, 0, 0, 5
1621695822630071398, 30, 52224, 0, 0, 5
1621695822640624693, 30, 52216, 0, 0, 5
1621695822653263554, 30, 52216, 0, 0, 5
1621695822663816958, 30, 52119, 0, 0, 5
1621695822676453695, 30, 52224, 0, 0, 5
1621695822690028264, 30, 52224, 0, 0, 5
1621695822700614901, 30, 52224, 0, 0, 5
1621695822713223165, 30, 52224, 0, 0, 5
1621695822724572154, 30, 52224, 0, 0, 5
1621695822737214341, 30, 52127, 0, 0, 5
1621695822750379110, 30, 52127, 0, 0, 5
1621695822760937645, 30, 52127, 0, 0, 5
1621695822773572890, 30, 52127, 0, 0, 5
1621695822784186956, 30, 52135, 0, 0, 5
1621695822796798136, 29, 52126, 0, 0, 5
1621695822810282806, 29, 52126, 0, 0, 5
1621695822820839066, 29, 52029, 0, 0, 5
1621695822833471676, 29, 52029, 0, 0, 5
1621695822844034907, 29, 52127, 0, 0, 5
1621695822856664993, 29, 52127, 0, 0, 5
1621695822870358987, 29, 52127, 0, 0, 5
1621695822880920074, 29, 52029, 0, 0, 5
1621695822893540181, 29, 52029, 0, 0, 5
1621695822904105536, 29, 52029, 0, 0, 5
1621695822916714523, 29, 52127, 0, 0, 5
1621695822930591581, 29, 52127, 0, 0, 5
1621695822941152418, 29, 52127, 0, 0, 5
1621695822953947193, 29, 52127, 0, 0, 5
1621695822964498784, 29, 52029, 0, 0, 5
1621695822977106797, 29, 52021, 0, 0, 5
1621695822990552293, 29, 52021, 0, 0, 5
1621695823001110717, 29, 52029, 0, 0, 5
1621695823013769246, 29, 52029, 0, 0, 5
1621695823024708315, 29, 52029, 0, 0, 5
1621695823037342527, 29, 52029, 0, 0, 5
1621695823051084822, 29, 52029, 0, 0, 5
1621695823061645228, 29, 52029, 0, 0, 5
1621695823074309347, 29, 52029, 0, 0, 5
1621695823084874985, 29, 52029, 0, 0, 5
1621695823097498588, 29, 52029, 0, 0, 5
1621695823110783842, 29, 52029, 0, 0, 5
1621695823121348518, 29, 52029, 0, 0, 5
1621695823134007185, 29, 52029, 0, 0, 5
1621695823144566341, 29, 52029, 0, 0, 5
1621695823157273822, 29, 52029, 0, 0, 5
1621695823170973928, 29, 52029, 0, 0, 5
1621695823181533462, 29, 52029, 0, 0, 5
1621695823194161053, 29, 52029, 0, 0, 5
1621695823204722021, 29, 52029, 0, 0, 5
1621695823217352708, 29, 52029, 0, 0, 5
1621695823231086396, 29, 52029, 0, 0, 5
1621695823241643887, 29, 52029, 0, 0, 5
1621695823254860593, 29, 52029, 0, 0, 5
1621695823265453512, 29, 52029, 0, 0, 5
1621695823278060162, 29, 52029, 0, 0, 5
1621695823291058861, 29, 52029, 0, 0, 5
1621695823301618516, 29, 51931, 0, 0, 5
1621695823314223274, 29, 51931, 0, 0, 5
1621695823324880181, 29, 52321, 0, 0, 5
1621695823337490189, 29, 52418, 0, 0, 5
1621695823351105015, 29, 52418, 0, 0, 5
1621695823362267361, 29, 52517, 0, 0, 5
1621695823379075715, 29, 52508, 0, 0, 5
1621695823400724811, 29, 52508, 0, 0, 5
1621695823411285379, 29, 51931, 0, 0, 5
1621695823423917238, 29, 51923, 0, 0, 5
1621695823437484152, 29, 51923, 0, 0, 5
1621695823448049509, 29, 51923, 0, 0, 5
1621695823460658515, 29, 51923, 0, 0, 5
1621695823471218400, 29, 51923, 0, 0, 5
1621695823483827566, 29, 51834, 0, 0, 5
1621695823497703491, 29, 51834, 0, 0, 5
1621695823508268879, 29, 51834, 0, 0, 5
1621695823520890717, 29, 51834, 0, 0, 5
1621695823531450303, 29, 51834, 0, 0, 5
1621695823544076130, 29, 51834, 0, 0, 5
1621695823557510487, 29, 51834, 0, 0, 5
1621695823568722468, 29, 51834, 0, 0, 5
1621695823585409864, 29, 51931, 0, 0, 5
1621695823607269315, 29, 51931, 0, 0, 5
1621695823617829803, 29, 51834, 0, 0, 5
1621695823630495145, 29, 51834, 0, 0, 5
1621695823644159842, 29, 51834, 0, 0, 5
1621695823654716953, 29, 51834, 0, 0, 5
1621695823667327392, 29, 51834, 0, 0, 5
1621695823677887578, 29, 51834, 0, 0, 5
1621695823690556768, 29, 51834, 0, 0, 5
1621695823704051175, 29, 51834, 0, 0, 5
1621695823714722481, 29, 51834, 0, 0, 5
1621695823727331407, 29, 51834, 0, 0, 5
1621695823737888036, 29, 51834, 0, 0, 5
1621695823750600296, 29, 51834, 0, 0, 5
1621695823764476563, 29, 51834, 0, 0, 5
1621695823775105788, 29, 51736, 0, 0, 5
1621695823787736545, 29, 51736, 0, 0, 5
1621695823798308233, 29, 51834, 0, 0, 5
1621695823810978975, 29, 51736, 0, 0, 5
1621695823824313041, 29, 51736, 0, 0, 5
1621695823834871044, 29, 51834, 0, 0, 5
1621695823847531918, 29, 51834, 0, 0, 5
1621695823858128872, 29, 51834, 0, 0, 5
1621695823870952191, 29, 51834, 0, 0, 5
1621695823884480262, 29, 51834, 0, 0, 5
1621695823895042483, 29, 51834, 0, 0, 5
